ÈÕÆÚ,¹ÉÆ±´úÂë,Ãû³Æ,TCLOSW,×î¸ß¼Û,¿ªÅÌ¼Û,Ç°ÊÕÅÌ,ÕÇµø¶î,ÕÇµø·ù,³É½»Á¿,³É½»½ð¶î
2021-02-19,'300724,½Ý¼ÑÎ°´´,,116.47,112.9,112.98,0.59,0.5222,3459342,394982193.69
2021-02-18,'300724,½Ý¼ÑÎ°´´,,123.49,123.26,118.6,-5.62,-4.7386,4404848,511794331.79
2021-02-10,'300724,½Ý¼ÑÎ°´´,,122.52,122.3,120.0,-1.4,-1.1667,3601309,433355902.55
2021-02-09,'300724,½Ý¼ÑÎ°´´,,121.2,114.71,112.2,7.8,6.9519,4332720,515754454.34
2021-02-08,'300724,½Ý¼ÑÎ°´´,,119.0,117.22,118.66,-6.46,-5.4441,5640319,644153003.2
2021-02-05,'300724,½Ý¼ÑÎ°´´,,121.97,121.34,121.57,-2.91,-2.3937,3436663,407291143.08
2021-02-04,'300724,½Ý¼ÑÎ°´´,,123.5,118.45,120.5,1.07,0.888,3676433,447885590.76
2021-02-03,'300724,½Ý¼ÑÎ°´´,,131.97,129.25,129.72,-9.22,-7.1076,5090598,631946008.36
2021-02-02,'300724,½Ý¼ÑÎ°´´,,131.23,126.0,125.4,4.32,3.445,3979220,507192776.05
2021-02-01,'300724,½Ý¼ÑÎ°´´,,132.96,130.0,133.34,-7.94,-5.9547,4203538,537898547.64
2021-01-29,'300724,½Ý¼ÑÎ°´´,,137.56,133.73,132.2,1.14,0.8623,3753994,503613952.62
2021-01-28,'300724,½Ý¼ÑÎ°´´,,134.87,133.3,138.7,-6.5,-4.6864,3816240,505866126.27
2021-01-27,'300724,½Ý¼ÑÎ°´´,,140.0,139.95,138.66,0.04,0.0288,3258168,444599182.65
2021-01-26,'300724,½Ý¼ÑÎ°´´,,150.11,149.46,147.25,-8.59,-5.8336,4073832,578166774.88
2021-01-25,'300724,½Ý¼ÑÎ°´´,,155.4,145.11,145.11,2.14,1.4747,5750950,865853936.73
2021-01-22,'300724,½Ý¼ÑÎ°´´,,146.27,138.23,136.88,8.23,6.0126,4735435,676579349.59
2021-01-21,'300724,½Ý¼ÑÎ°´´,,139.36,136.53,136.5,0.38,0.2784,3431236,468278084.69
2021-01-20,'300724,½Ý¼ÑÎ°´´,,137.8,132.84,133.02,3.48,2.6161,3292051,444879855.87
2021-01-19,'300724,½Ý¼ÑÎ°´´,,140.13,137.38,138.38,-5.36,-3.8734,3128913,424997336.71
2021-01-18,'300724,½Ý¼ÑÎ°´´,,142.0,141.79,138.2,0.18,0.1302,2859965,396747536.96
2021-01-15,'300724,½Ý¼ÑÎ°´´,,139.9,135.59,134.0,4.2,3.1343,4452268,607794736.66
2021-01-14,'300724,½Ý¼ÑÎ°´´,,135.66,134.04,133.08,0.92,0.6913,3416455,454048779.62
2021-01-13,'300724,½Ý¼ÑÎ°´´,,137.79,131.0,131.51,1.57,1.1938,5342532,719444392.62
2021-01-12,'300724,½Ý¼ÑÎ°´´,,132.8,122.97,123.85,7.66,6.1849,6068709,784321888.39
2021-01-11,'300724,½Ý¼ÑÎ°´´,,130.1,130.1,130.0,-6.15,-4.7308,6365184,798086882.53
2021-01-08,'300724,½Ý¼ÑÎ°´´,,145.0,145.0,144.47,-14.47,-10.0159,7139215,941055298.16
2021-01-07,'300724,½Ý¼ÑÎ°´´,,147.8,139.8,138.79,5.68,4.0925,5887338,839949960.39
2021-01-06,'300724,½Ý¼ÑÎ°´´,,140.56,136.91,139.0,-0.21,-0.1511,4277978,593117152.04
2021-01-05,'300724,½Ý¼ÑÎ°´´,,148.0,148.0,148.05,-9.05,-6.1128,6133414,848604231.17
2021-01-04,'300724,½Ý¼ÑÎ°´´,,150.0,144.99,145.6,2.45,1.6827,5050816,742451142.07
2020-12-31,'300724,½Ý¼ÑÎ°´´,,146.95,141.01,138.0,7.6,5.5072,4604603,658777631.54
2020-12-30,'300724,½Ý¼ÑÎ°´´,,141.36,137.06,136.0,2.0,1.4706,3589663,499007515.15
2020-12-29,'300724,½Ý¼ÑÎ°´´,,145.0,145.0,146.38,-10.38,-7.0911,6103657,841162520.17
2020-12-28,'300724,½Ý¼ÑÎ°´´,,148.59,144.86,146.5,-0.12,-0.0819,3442845,500643034.32
2020-12-25,'300724,½Ý¼ÑÎ°´´,,148.5,141.56,143.23,3.27,2.283,3793316,549434747.49
2020-12-24,'300724,½Ý¼ÑÎ°´´,,148.0,142.03,146.15,-2.92,-1.9979,3887599,559591688.9
2020-12-23,'300724,½Ý¼ÑÎ°´´,,152.78,144.91,144.03,2.12,1.4719,5775570,849718768.04
2020-12-22,'300724,½Ý¼ÑÎ°´´,,149.63,148.5,152.8,-8.77,-5.7395,4768142,696127653.45
2020-12-21,'300724,½Ý¼ÑÎ°´´,,154.98,148.8,144.75,8.05,5.5613,4120080,622068142.58
2020-12-18,'300724,½Ý¼ÑÎ°´´,,157.0,157.0,156.88,-12.13,-7.732,5576818,830597063.83
2020-12-17,'300724,½Ý¼ÑÎ°´´,,157.0,148.9,149.02,7.86,5.2745,3328756,505370555.94
2020-12-16,'300724,½Ý¼ÑÎ°´´,,158.88,144.8,144.47,4.55,3.1494,3870035,583363044.71
2020-12-15,'300724,½Ý¼ÑÎ°´´,,146.6,143.54,144.0,0.47,0.3264,3625053,513870997.77
2020-12-14,'300724,½Ý¼ÑÎ°´´,,147.71,135.69,134.83,9.17,6.8012,3892303,550847786.06
2020-12-11,'300724,½Ý¼ÑÎ°´´,,140.0,137.3,138.45,-3.62,-2.6147,3822921,514123500.64
2020-12-10,'300724,½Ý¼ÑÎ°´´,,148.0,125.0,128.57,9.88,7.6845,4321088,585366043.32
2020-12-09,'300724,½Ý¼ÑÎ°´´,,133.29,124.74,124.78,3.79,3.0373,4148111,532390100.18
2020-12-08,'300724,½Ý¼ÑÎ°´´,,125.15,122.83,124.06,0.72,0.5804,2820671,348432305.77
2020-12-07,'300724,½Ý¼ÑÎ°´´,,124.48,121.54,121.5,2.56,2.107,2833344,348466505.52
2020-12-04,'300724,½Ý¼ÑÎ°´´,,124.22,111.11,112.88,8.62,7.6364,4453294,530002482.66
2020-12-03,'300724,½Ý¼ÑÎ°´´,,113.22,111.0,109.99,2.89,2.6275,2193236,244370610.45
2020-12-02,'300724,½Ý¼ÑÎ°´´,,111.2,107.72,109.18,0.81,0.7419,3483734,379576387.18
2020-12-01,'300724,½Ý¼ÑÎ°´´,,110.6,105.16,108.24,0.94,0.8684,4199455,454413117.8
2020-11-30,'300724,½Ý¼ÑÎ°´´,,109.77,107.16,107.73,0.51,0.4734,4206284,450293686.16
2020-11-27,'300724,½Ý¼ÑÎ°´´,,112.5,111.18,113.5,-5.77,-5.0837,2715799,294637884.66
2020-11-26,'300724,½Ý¼ÑÎ°´´,,115.58,115.0,112.28,1.22,1.0866,2621651,296179534.34
2020-11-25,'300724,½Ý¼ÑÎ°´´,,117.19,115.0,113.96,-1.68,-1.4742,2981522,338589406.49
2020-11-24,'300724,½Ý¼ÑÎ°´´,,117.97,114.36,114.2,-0.24,-0.2102,3562696,407953644.53
2020-11-23,'300724,½Ý¼ÑÎ°´´,,117.58,108.11,105.71,8.49,8.0314,6499451,742019573.32
2020-11-20,'300724,½Ý¼ÑÎ°´´,,106.86,99.0,98.57,7.14,7.2436,4192009,432018432.93
2020-11-19,'300724,½Ý¼ÑÎ°´´,,99.59,93.57,95.85,2.72,2.8378,4289117,413811774.21
2020-11-18,'300724,½Ý¼ÑÎ°´´,,102.86,98.26,95.93,-0.08,-0.0834,5257028,512938841.51
2020-11-17,'300724,½Ý¼ÑÎ°´´,,108.21,108.01,106.9,-10.97,-10.2619,4723299,470908050.56
2020-11-16,'300724,½Ý¼ÑÎ°´´,,110.8,110.0,112.15,-5.25,-4.6812,4398598,476551944.13
2020-11-13,'300724,½Ý¼ÑÎ°´´,,112.21,103.66,99.86,12.29,12.3072,7857121,851381385.17
2020-11-12,'300724,½Ý¼ÑÎ°´´,,102.51,99.02,98.59,1.27,1.2882,2576327,258789802.28
2020-11-11,'300724,½Ý¼ÑÎ°´´,,102.83,101.0,100.99,-2.4,-2.3765,2698887,271136164.15
2020-11-10,'300724,½Ý¼ÑÎ°´´,,103.43,103.4,103.44,-2.45,-2.3685,3331775,336411827.03
2020-11-09,'300724,½Ý¼ÑÎ°´´,,108.83,107.77,106.6,-3.16,-2.9644,4810426,498662723.67
2020-11-06,'300724,½Ý¼ÑÎ°´´,,114.2,110.81,111.26,-4.66,-4.1884,3053545,325842867.88
2020-11-05,'300724,½Ý¼ÑÎ°´´,,112.0,107.88,106.81,4.45,4.1663,3180361,345229301.74
2020-11-04,'300724,½Ý¼ÑÎ°´´,,113.63,112.51,113.18,-6.37,-5.6282,4320344,461288988.98
2020-11-03,'300724,½Ý¼ÑÎ°´´,,115.4,113.62,113.5,-0.32,-0.2819,2694695,304613495.71
2020-11-02,'300724,½Ý¼ÑÎ°´´,,115.47,100.3,99.87,13.63,13.6477,5092457,555650297.37
2020-10-30,'300724,½Ý¼ÑÎ°´´,,107.88,104.1,102.61,-2.74,-2.6703,3700397,383354840.34
2020-10-29,'300724,½Ý¼ÑÎ°´´,,104.23,102.9,104.9,-2.29,-2.183,3470154,354082035.28
2020-10-28,'300724,½Ý¼ÑÎ°´´,,105.86,103.0,100.81,4.09,4.0571,4049005,418384919.02
2020-10-27,'300724,½Ý¼ÑÎ°´´,,101.88,101.1,100.0,0.81,0.81,2860469,285162220.26
2020-10-26,'300724,½Ý¼ÑÎ°´´,,101.9,98.03,97.14,2.86,2.9442,3291439,327486082.35
2020-10-23,'300724,½Ý¼ÑÎ°´´,,103.98,102.57,103.1,-5.96,-5.7808,2054295,204010953.84
2020-10-22,'300724,½Ý¼ÑÎ°´´,,104.2,104.0,103.98,-0.88,-0.8463,2294267,235584673.15
2020-10-21,'300724,½Ý¼ÑÎ°´´,,112.21,112.01,110.0,-6.02,-5.4727,4823125,505471481.48
2020-10-20,'300724,½Ý¼ÑÎ°´´,,114.85,114.85,113.12,-3.12,-2.7581,2717162,296485716.27
2020-10-19,'300724,½Ý¼ÑÎ°´´,,116.98,115.91,114.2,-1.08,-0.9457,2377644,270901376.43
2020-10-16,'300724,½Ý¼ÑÎ°´´,,117.58,111.0,110.2,4.0,3.6298,2618829,298601788.25
2020-10-15,'300724,½Ý¼ÑÎ°´´,,116.75,115.93,116.22,-6.02,-5.1798,2926125,328376073.96
2020-10-14,'300724,½Ý¼ÑÎ°´´,,116.78,113.17,114.9,1.32,1.1488,2411796,277416185.23
2020-10-13,'300724,½Ý¼ÑÎ°´´,,119.97,115.46,115.81,-0.91,-0.7858,2508781,289466697.17
2020-10-12,'300724,½Ý¼ÑÎ°´´,,119.6,111.97,109.9,5.91,5.3776,3195068,367815903.95
2020-10-09,'300724,½Ý¼ÑÎ°´´,,115.0,112.0,105.08,4.82,4.587,4269744,473106619.25
2020-09-30,'300724,½Ý¼ÑÎ°´´,,107.5,105.02,104.0,1.08,1.0385,2307221,242031471.25
2020-09-29,'300724,½Ý¼ÑÎ°´´,,106.0,103.0,101.11,2.89,2.8583,1753655,182273733.08
2020-09-28,'300724,½Ý¼ÑÎ°´´,,105.98,99.69,101.99,-0.88,-0.8628,2026985,208521032.67
2020-09-25,'300724,½Ý¼ÑÎ°´´,,103.94,102.66,101.51,0.48,0.4729,1598568,163075953.3
2020-09-24,'300724,½Ý¼ÑÎ°´´,,106.09,104.5,106.09,-4.58,-4.3171,2239396,231024593.88
2020-09-23,'300724,½Ý¼ÑÎ°´´,,108.0,103.62,102.07,4.02,3.9385,2581403,270499272.73
2020-09-22,'300724,½Ý¼ÑÎ°´´,,106.0,105.16,105.5,-3.43,-3.2512,2171140,223560250.76
2020-09-21,'300724,½Ý¼ÑÎ°´´,,109.34,107.41,109.28,-3.78,-3.459,3619029,385441918.67
2020-09-18,'300724,½Ý¼ÑÎ°´´,,110.7,106.16,105.05,4.23,4.0267,5053763,541634733.24
2020-09-17,'300724,½Ý¼ÑÎ°´´,,109.06,108.97,108.23,-3.18,-2.9382,3421610,362611686.96
2020-09-16,'300724,½Ý¼ÑÎ°´´,,112.58,100.55,102.48,5.75,5.6109,5224496,559312036.82
2020-09-15,'300724,½Ý¼ÑÎ°´´,,103.28,95.0,95.41,7.07,7.4101,4635192,458249061.06
2020-09-14,'300724,½Ý¼ÑÎ°´´,,98.8,94.43,94.08,1.33,1.4137,5156288,497774426.92
2020-09-11,'300724,½Ý¼ÑÎ°´´,,94.08,82.8,82.4,11.68,14.1748,3667846,323305622.43
2020-09-10,'300724,½Ý¼ÑÎ°´´,,86.75,83.13,82.81,-0.41,-0.4951,2635899,221892445.02
2020-09-09,'300724,½Ý¼ÑÎ°´´,,87.5,87.12,87.34,-4.53,-5.1866,2481207,206378247.58
2020-09-08,'300724,½Ý¼ÑÎ°´´,,90.5,89.9,88.9,-1.56,-1.7548,2626296,231691652.58
2020-09-07,'300724,½Ý¼ÑÎ°´´,,93.6,91.9,91.96,-3.06,-3.3275,2799424,255739978.0
2020-09-04,'300724,½Ý¼ÑÎ°´´,,92.9,92.41,93.92,-1.96,-2.0869,2442073,221061878.48
2020-09-03,'300724,½Ý¼ÑÎ°´´,,97.8,97.0,96.15,-2.23,-2.3193,1976931,187238841.65
2020-09-02,'300724,½Ý¼ÑÎ°´´,,97.65,96.3,96.49,-0.34,-0.3524,2078662,199412453.72
2020-09-01,'300724,½Ý¼ÑÎ°´´,,97.0,89.7,90.07,6.42,7.1278,2735411,257686675.61
2020-08-31,'300724,½Ý¼ÑÎ°´´,,91.5,89.37,90.5,-0.43,-0.4751,3140388,280760951.95
2020-08-28,'300724,½Ý¼ÑÎ°´´,,92.16,86.6,86.26,4.24,4.9154,2905920,262018980.45
2020-08-27,'300724,½Ý¼ÑÎ°´´,,87.5,83.22,85.65,0.61,0.7122,2798061,240528397.98
2020-08-26,'300724,½Ý¼ÑÎ°´´,,89.62,89.62,88.9,-3.25,-3.6558,2128623,185370503.42
2020-08-25,'300724,½Ý¼ÑÎ°´´,,90.46,88.68,88.78,0.12,0.1352,3036415,270983682.12
2020-08-24,'300724,½Ý¼ÑÎ°´´,,90.2,85.0,83.08,5.7,6.8609,4300592,373818154.34
2020-08-21,'300724,½Ý¼ÑÎ°´´,,85.88,80.6,78.98,4.1,5.1912,3009199,249981699.93
2020-08-20,'300724,½Ý¼ÑÎ°´´,,81.5,80.5,80.5,-1.52,-1.8882,3786777,297649935.72
2020-08-19,'300724,½Ý¼ÑÎ°´´,,84.45,84.0,83.8,-3.3,-3.9379,2556400,209612848.22
2020-08-18,'300724,½Ý¼ÑÎ°´´,,85.93,84.36,84.29,-0.49,-0.5813,2147759,180586533.84
2020-08-17,'300724,½Ý¼ÑÎ°´´,,86.16,85.6,84.81,-0.52,-0.6131,2688582,226679441.42
2020-08-14,'300724,½Ý¼ÑÎ°´´,,85.51,82.04,83.22,1.59,1.9106,2053754,173179218.28
2020-08-13,'300724,½Ý¼ÑÎ°´´,,83.96,83.25,83.25,-0.03,-0.036,2886965,238562492.47
2020-08-12,'300724,½Ý¼ÑÎ°´´,,89.32,86.6,87.0,-3.75,-4.3103,2710290,227851375.06
2020-08-11,'300724,½Ý¼ÑÎ°´´,,90.52,84.35,85.5,1.5,1.7544,3650358,321976488.16
2020-08-10,'300724,½Ý¼ÑÎ°´´,,88.84,83.14,85.67,-0.17,-0.1984,3178529,272316908.0
2020-08-07,'300724,½Ý¼ÑÎ°´´,,89.97,88.0,87.97,-2.3,-2.6145,2807777,243462063.07
2020-08-06,'300724,½Ý¼ÑÎ°´´,,92.0,91.42,91.42,-3.45,-3.7738,3076514,272867809.52
2020-08-05,'300724,½Ý¼ÑÎ°´´,,92.5,91.67,91.25,0.17,0.1863,2561571,233822116.37
2020-08-04,'300724,½Ý¼ÑÎ°´´,,92.88,91.54,92.31,-1.06,-1.1483,2971464,269910078.65
2020-08-03,'300724,½Ý¼ÑÎ°´´,,97.6,97.13,96.59,-4.28,-4.4311,4270724,396609417.68
2020-07-31,'300724,½Ý¼ÑÎ°´´,,100.78,95.66,96.31,0.28,0.2907,2209311,216290323.26
2020-07-30,'300724,½Ý¼ÑÎ°´´,,97.99,94.76,94.78,1.53,1.6143,2484579,239009146.72
2020-07-29,'300724,½Ý¼ÑÎ°´´,,95.33,91.09,91.09,3.69,4.0509,2643952,247573483.09
2020-07-28,'300724,½Ý¼ÑÎ°´´,,93.49,92.17,90.74,0.35,0.3857,2594233,237867203.17
2020-07-27,'300724,½Ý¼ÑÎ°´´,,94.4,87.7,87.4,3.34,3.8215,3815157,346214601.87
2020-07-24,'300724,½Ý¼ÑÎ°´´,,95.95,94.7,93.99,-6.59,-7.0114,2534478,228865992.38
2020-07-23,'300724,½Ý¼ÑÎ°´´,,96.2,89.56,90.12,3.87,4.2943,3927220,364874658.25
2020-07-22,'300724,½Ý¼ÑÎ°´´,,92.0,87.84,87.39,2.73,3.1239,2823870,254772387.44
2020-07-21,'300724,½Ý¼ÑÎ°´´,,92.04,87.73,85.8,1.59,1.8531,3222182,286094662.19
2020-07-20,'300724,½Ý¼ÑÎ°´´,,91.0,90.8,88.14,-2.34,-2.6549,5024385,429159104.02
2020-07-17,'300724,½Ý¼ÑÎ°´´,,93.6,91.21,91.18,-3.04,-3.3341,3620161,324514120.51
2020-07-16,'300724,½Ý¼ÑÎ°´´,,99.5,96.76,97.2,-6.02,-6.1934,2891545,277185174.8
2020-07-15,'300724,½Ý¼ÑÎ°´´,,101.98,99.8,99.29,-2.09,-2.1049,3053688,300869145.04
2020-07-14,'300724,½Ý¼ÑÎ°´´,,100.83,97.7,98.5,0.79,0.802,3519121,345990447.41
2020-07-13,'300724,½Ý¼ÑÎ°´´,,101.59,98.6,98.6,-0.1,-0.1014,3034936,294949513.54
2020-07-10,'300724,½Ý¼ÑÎ°´´,,101.58,97.73,99.29,-0.69,-0.6949,2317484,230051388.06
2020-07-09,'300724,½Ý¼ÑÎ°´´,,100.13,94.41,94.25,5.04,5.3475,3106899,303123088.47
2020-07-08,'300724,½Ý¼ÑÎ°´´,,94.79,93.5,93.25,1.0,1.0724,3256178,303755052.81
2020-07-07,'300724,½Ý¼ÑÎ°´´,,94.33,91.52,91.66,1.59,1.7347,3787390,347663793.57
2020-07-06,'300724,½Ý¼ÑÎ°´´,,93.38,90.0,92.4,-0.74,-0.8009,5737676,516046961.96
2020-07-03,'300724,½Ý¼ÑÎ°´´,,93.1,86.09,84.66,7.74,9.1425,6259864,563700135.51
2020-07-02,'300724,½Ý¼ÑÎ°´´,,86.6,85.3,84.7,-0.04,-0.0472,2356598,200408530.73
2020-07-01,'300724,½Ý¼ÑÎ°´´,,89.29,87.8,88.53,-3.83,-4.3262,3632644,309500839.09
2020-06-30,'300724,½Ý¼ÑÎ°´´,,89.95,89.49,88.34,0.19,0.2151,2149689,190229652.44
2020-06-29,'300724,½Ý¼ÑÎ°´´,,93.47,90.69,90.69,-2.35,-2.5912,3106956,279933429.8
2020-06-24,'300724,½Ý¼ÑÎ°´´,,92.0,87.0,87.54,3.15,3.5984,2570520,230030390.88
2020-06-23,'300724,½Ý¼ÑÎ°´´,,89.29,85.97,86.22,1.5,1.7397,2546885,221911404.01
2020-06-22,'300724,½Ý¼ÑÎ°´´,,89.13,85.48,84.26,1.96,2.3261,2838468,246145071.47
2020-06-19,'300724,½Ý¼ÑÎ°´´,,86.57,86.0,85.0,-0.74,-0.8706,2388082,200221806.88
2020-06-18,'300724,½Ý¼ÑÎ°´´,,85.99,82.02,82.25,2.75,3.3435,3416656,287782095.47
2020-06-17,'300724,½Ý¼ÑÎ°´´,,84.91,81.01,79.83,2.42,3.0314,4518161,373927123.55
2020-06-16,'300724,½Ý¼ÑÎ°´´,,81.88,75.5,74.45,5.38,7.2263,3591393,285847054.8
2020-06-15,'300724,½Ý¼ÑÎ°´´,,76.59,76.0,76.9,-2.45,-3.186,2516451,188558461.92
2020-06-12,'300724,½Ý¼ÑÎ°´´,,77.62,73.98,76.31,0.59,0.7732,2985770,227755545.0
2020-06-11,'300724,½Ý¼ÑÎ°´´,,78.82,74.58,75.06,1.25,1.6653,3272828,251290244.92
2020-06-10,'300724,½Ý¼ÑÎ°´´,,75.43,73.15,73.37,1.69,2.3034,2592398,191780111.56
2020-06-09,'300724,½Ý¼ÑÎ°´´,,74.48,74.28,74.06,-0.69,-0.9317,2330747,171180835.77
2020-06-08,'300724,½Ý¼ÑÎ°´´,,77.75,77.75,76.36,-2.3,-3.012,2930085,217860000.09
2020-06-05,'300724,½Ý¼ÑÎ°´´,,77.24,75.8,75.8,0.56,0.7388,2121210,161238485.34
2020-06-04,'300724,½Ý¼ÑÎ°´´,,76.58,75.0,74.37,1.43,1.9228,2800754,210571655.92
2020-06-03,'300724,½Ý¼ÑÎ°´´,,76.6,75.7,75.71,-1.34,-1.7699,4130850,307494866.69
2020-06-02,'300724,½Ý¼ÑÎ°´´,,77.0,75.98,75.7,0.01,0.0132,4076361,305126653.17
2020-06-01,'300724,½Ý¼ÑÎ°´´,,76.0,72.5,69.21,6.49,9.3773,5549645,407369394.66
2020-05-29,'300724,½Ý¼ÑÎ°´´,,69.43,64.98,64.48,4.73,7.3356,4743375,324085216.29
2020-05-28,'300724,½Ý¼ÑÎ°´´,,64.91,63.07,63.47,1.01,1.5913,3546078,223990561.11
2020-05-27,'300724,½Ý¼ÑÎ°´´,,64.94,63.83,64.57,-1.1,-1.7036,2773288,177542737.04
2020-05-26,'300724,½Ý¼ÑÎ°´´,,64.78,60.99,60.2,4.37,7.2591,4171237,262067518.59
2020-05-25,'300724,½Ý¼ÑÎ°´´,,64.3,64.3,63.85,-3.65,-5.7165,4023476,244997614.07
2020-05-22,'300724,½Ý¼ÑÎ°´´,,65.78,65.78,65.84,-1.99,-3.0225,3148772,201755204.84
2020-05-21,'300724,½Ý¼ÑÎ°´´,,70.5,69.87,69.95,-4.11,-5.8756,4834700,323280640.63
2020-05-20,'300724,½Ý¼ÑÎ°´´,,70.86,67.62,67.7,2.25,3.3235,3552612,246539062.07
2020-05-19,'300724,½Ý¼ÑÎ°´´,,68.2,64.25,63.4,4.3,6.7823,3977684,266183453.71
2020-05-18,'300724,½Ý¼ÑÎ°´´,,65.0,63.24,62.0,1.4,2.2581,3474152,220390722.26
2020-05-15,'300724,½Ý¼ÑÎ°´´,,64.33,63.7,62.62,-0.62,-0.9901,2772740,174484064.77
2020-05-14,'300724,½Ý¼ÑÎ°´´,,64.5,63.42,64.02,-1.4,-2.1868,1714875,108556277.6
2020-05-13,'300724,½Ý¼ÑÎ°´´,,65.1,64.48,64.33,-0.31,-0.4819,2112839,135247201.69
2020-05-12,'300724,½Ý¼ÑÎ°´´,,65.88,64.26,63.22,1.11,1.7558,3298834,213220304.15
2020-05-11,'300724,½Ý¼ÑÎ°´´,,69.78,69.78,68.5,-5.28,-7.708,6537213,420859407.77
2020-05-08,'300724,½Ý¼ÑÎ°´´,,70.77,66.97,65.39,3.11,4.7561,4407000,305267674.58
2020-05-07,'300724,½Ý¼ÑÎ°´´,,66.4,64.67,64.66,0.73,1.129,3090208,201007782.17
2020-05-06,'300724,½Ý¼ÑÎ°´´,,67.0,65.01,65.01,-0.35,-0.5384,4228333,274026529.19
2020-04-30,'300724,½Ý¼ÑÎ°´´,,66.23,62.3,60.8,4.21,6.9243,3875551,251584289.59
2020-04-29,'300724,½Ý¼ÑÎ°´´,,61.68,58.66,58.82,1.98,3.3662,3663802,221348203.94
2020-04-28,'300724,½Ý¼ÑÎ°´´,,60.47,55.68,55.14,3.68,6.6739,5178889,295028856.95
2020-04-27,'300724,½Ý¼ÑÎ°´´,,56.35,54.9,54.48,0.66,1.2115,2660378,145443496.87
2020-04-24,'300724,½Ý¼ÑÎ°´´,,56.8,55.53,56.6,-2.12,-3.7456,2029557,112578900.88
2020-04-23,'300724,½Ý¼ÑÎ°´´,,57.97,55.3,55.26,1.34,2.4249,3601433,203513413.87
2020-04-22,'300724,½Ý¼ÑÎ°´´,,55.96,53.0,53.65,1.61,3.0009,2676383,145020236.84
2020-04-21,'300724,½Ý¼ÑÎ°´´,,54.88,54.88,55.76,-2.11,-3.7841,3262135,173685009.96
2020-04-20,'300724,½Ý¼ÑÎ°´´,,56.1,55.02,54.33,1.43,2.6321,3743758,202778342.62
2020-04-17,'300724,½Ý¼ÑÎ°´´,,57.24,53.39,52.22,2.11,4.0406,4914960,270509744.91
2020-04-16,'300724,½Ý¼ÑÎ°´´,,52.79,50.02,50.29,1.93,3.8377,3185610,163514865.27
2020-04-15,'300724,½Ý¼ÑÎ°´´,,52.8,51.91,51.82,-1.53,-2.9525,3869538,199048528.66
2020-04-14,'300724,½Ý¼ÑÎ°´´,,52.0,49.01,48.55,3.27,6.7353,3883837,197174948.61
2020-04-13,'300724,½Ý¼ÑÎ°´´,,49.49,48.04,48.4,0.15,0.3099,3175844,154762574.58
2020-04-10,'300724,½Ý¼ÑÎ°´´,,50.6,50.36,50.18,-1.78,-3.5472,3625737,177844027.45
2020-04-09,'300724,½Ý¼ÑÎ°´´,,52.18,51.89,51.31,-1.13,-2.2023,4098338,207141779.66
2020-04-08,'300724,½Ý¼ÑÎ°´´,,53.51,53.11,53.73,-2.42,-4.504,4555756,236145789.82
2020-04-07,'300724,½Ý¼ÑÎ°´´,,55.2,52.94,52.15,1.58,3.0297,4211515,225429120.58
2020-04-03,'300724,½Ý¼ÑÎ°´´,,53.66,52.0,51.37,0.78,1.5184,5277781,276120935.84
2020-04-02,'300724,½Ý¼ÑÎ°´´,,51.37,46.86,46.7,4.67,10.0,5646512,280714664.95
2020-04-01,'300724,½Ý¼ÑÎ°´´,,48.5,47.07,46.35,0.35,0.7551,3807794,180002203.02
2020-03-31,'300724,½Ý¼ÑÎ°´´,,48.2,48.0,46.89,-0.54,-1.1516,3276455,154189019.77
2020-03-30,'300724,½Ý¼ÑÎ°´´,,48.7,47.91,48.9,-2.01,-4.1104,5755431,270146153.78
2020-03-27,'300724,½Ý¼ÑÎ°´´,,52.5,50.97,50.1,-1.2,-2.3952,4937042,248895458.54
2020-03-26,'300724,½Ý¼ÑÎ°´´,,52.09,52.09,52.0,-1.9,-3.6538,3552748,179859273.54
2020-03-25,'300724,½Ý¼ÑÎ°´´,,52.5,50.79,49.26,2.74,5.5623,5072265,261477927.05
2020-03-24,'300724,½Ý¼ÑÎ°´´,,51.33,50.9,49.25,0.01,0.0203,4808522,237715535.01
2020-03-23,'300724,½Ý¼ÑÎ°´´,,53.46,52.53,54.7,-5.45,-9.9634,4913976,251187539.85
2020-03-20,'300724,½Ý¼ÑÎ°´´,,56.97,56.74,54.92,-0.22,-0.4006,3157948,172460601.88
2020-03-19,'300724,½Ý¼ÑÎ°´´,,57.41,57.32,55.86,-0.94,-1.6828,4611001,252141745.49
2020-03-18,'300724,½Ý¼ÑÎ°´´,,59.5,58.26,56.7,-0.84,-1.4815,4101059,238025733.72
2020-03-17,'300724,½Ý¼ÑÎ°´´,,60.62,60.38,57.73,-1.03,-1.7842,5116099,289594807.66
2020-03-16,'300724,½Ý¼ÑÎ°´´,,64.65,64.0,63.4,-5.67,-8.9432,7260685,431485549.82
2020-03-13,'300724,½Ý¼ÑÎ°´´,,64.98,61.17,64.91,-1.51,-2.3263,4285628,270166546.23
2020-03-12,'300724,½Ý¼ÑÎ°´´,,67.42,65.79,66.5,-1.59,-2.391,3142007,204858246.72
2020-03-11,'300724,½Ý¼ÑÎ°´´,,71.3,68.7,67.65,-1.15,-1.6999,5038467,347812961.43
2020-03-10,'300724,½Ý¼ÑÎ°´´,,69.21,63.81,63.96,3.69,5.7692,4950234,330532844.87
2020-03-09,'300724,½Ý¼ÑÎ°´´,,67.66,67.0,69.62,-5.66,-8.1298,5927844,386648329.64
2020-03-06,'300724,½Ý¼ÑÎ°´´,,71.3,67.9,69.33,0.29,0.4183,3151313,220783250.55
2020-03-05,'300724,½Ý¼ÑÎ°´´,,71.0,68.64,68.0,1.33,1.9559,3530782,245610467.55
2020-03-04,'300724,½Ý¼ÑÎ°´´,,68.9,68.0,69.79,-1.79,-2.5648,4222875,283406965.49
2020-03-03,'300724,½Ý¼ÑÎ°´´,,71.12,68.84,67.5,2.29,3.3926,6164880,431072106.8
2020-03-02,'300724,½Ý¼ÑÎ°´´,,68.87,68.66,65.75,1.75,2.6616,7694492,506632744.17
2020-02-28,'300724,½Ý¼ÑÎ°´´,,69.07,66.4,69.2,-3.45,-4.9855,5712537,383784660.13
2020-02-27,'300724,½Ý¼ÑÎ°´´,,71.97,70.07,68.68,0.52,0.7571,6060245,424743303.91
2020-02-26,'300724,½Ý¼ÑÎ°´´,,72.24,70.14,72.48,-3.8,-5.2428,6216666,436913759.2
2020-02-25,'300724,½Ý¼ÑÎ°´´,,73.78,72.1,74.86,-2.38,-3.1793,6384130,458315704.13
2020-02-24,'300724,½Ý¼ÑÎ°´´,,76.68,74.39,76.38,-1.52,-1.99,6349769,471865857.28
2020-02-21,'300724,½Ý¼ÑÎ°´´,,79.8,77.4,78.63,-2.25,-2.8615,6709773,518813067.65
2020-02-20,'300724,½Ý¼ÑÎ°´´,,82.1,81.93,79.05,-0.42,-0.5313,6004891,473400942.03
2020-02-19,'300724,½Ý¼ÑÎ°´´,,82.21,76.32,78.54,0.51,0.6494,6073968,481346115.57
2020-02-18,'300724,½Ý¼ÑÎ°´´,,78.54,71.29,71.4,7.14,10.0,8866170,665719981.81
2020-02-17,'300724,½Ý¼ÑÎ°´´,,72.68,70.34,71.0,0.4,0.5634,6095060,436615456.81
2020-02-14,'300724,½Ý¼ÑÎ°´´,,74.28,70.5,72.42,-1.42,-1.9608,8213022,590843614.06
2020-02-13,'300724,½Ý¼ÑÎ°´´,,72.42,72.42,65.84,6.58,9.9939,13262220,954589711.13
2020-02-12,'300724,½Ý¼ÑÎ°´´,,65.84,65.84,59.85,5.99,10.0084,494536,32560250.24
2020-02-11,'300724,½Ý¼ÑÎ°´´,,61.01,61.0,60.29,-0.44,-0.7298,3279378,195471130.33
2020-02-10,'300724,½Ý¼ÑÎ°´´,,61.95,57.0,59.41,0.88,1.4812,4829361,289033465.23
2020-02-07,'300724,½Ý¼ÑÎ°´´,,60.5,56.8,56.8,2.61,4.5951,3886289,225600368.32
2020-02-06,'300724,½Ý¼ÑÎ°´´,,57.3,53.02,53.63,3.17,5.9109,4684869,257763571.96
2020-02-05,'300724,½Ý¼ÑÎ°´´,,57.21,54.17,54.43,-0.8,-1.4698,4859067,266997751.3
2020-02-04,'300724,½Ý¼ÑÎ°´´,,54.75,48.01,49.77,4.66,9.3631,7291044,386439339.51
2020-02-03,'300724,½Ý¼ÑÎ°´´,,49.99,49.77,55.3,-5.53,-10.0,1238600,61645357.0
2020-01-23,'300724,½Ý¼ÑÎ°´´,,61.34,61.34,58.21,-2.91,-4.9991,5004191,287938456.47
2020-01-22,'300724,½Ý¼ÑÎ°´´,,60.83,56.98,57.25,0.96,1.6769,6142133,345171901.02
2020-01-21,'300724,½Ý¼ÑÎ°´´,,57.88,54.23,54.36,2.89,5.3164,6054926,341831324.88
2020-01-20,'300724,½Ý¼ÑÎ°´´,,54.97,53.79,53.24,1.12,2.1037,3483030,187197016.68
2020-01-17,'300724,½Ý¼ÑÎ°´´,,54.63,53.8,54.48,-1.24,-2.2761,3432887,184512524.25
2020-01-16,'300724,½Ý¼ÑÎ°´´,,54.6,54.59,55.0,-0.52,-0.9455,5912831,316045477.78
2020-01-15,'300724,½Ý¼ÑÎ°´´,,55.75,54.25,53.66,1.34,2.4972,5712352,308563499.31
2020-01-14,'300724,½Ý¼ÑÎ°´´,,55.88,54.68,53.98,-0.32,-0.5928,4784331,259591036.61
2020-01-13,'300724,½Ý¼ÑÎ°´´,,56.6,52.4,52.47,1.51,2.8778,6003009,324363298.36
2020-01-10,'300724,½Ý¼ÑÎ°´´,,53.79,50.05,50.8,1.67,3.2874,8132216,427376803.66
2020-01-09,'300724,½Ý¼ÑÎ°´´,,51.7,50.07,51.96,-1.16,-2.2325,7748328,388488388.99
2020-01-08,'300724,½Ý¼ÑÎ°´´,,54.85,52.0,50.93,1.03,2.0224,13788221,725272850.32
2020-01-07,'300724,½Ý¼ÑÎ°´´,,50.93,46.7,46.3,4.63,10.0,10048222,501300234.42
2020-01-06,'300724,½Ý¼ÑÎ°´´,,46.9,42.2,42.65,3.65,8.558,8800439,398517544.82
2020-01-03,'300724,½Ý¼ÑÎ°´´,,43.3,39.8,39.88,2.77,6.9458,8183909,342646722.21
2020-01-02,'300724,½Ý¼ÑÎ°´´,,39.92,38.08,37.89,1.99,5.252,5092361,199421536.37
2019-12-31,'300724,½Ý¼ÑÎ°´´,,38.19,37.9,37.72,0.17,0.4507,2544796,95740018.88
2019-12-30,'300724,½Ý¼ÑÎ°´´,,38.3,37.82,38.08,-0.36,-0.9454,2915202,109547118.91
2019-12-27,'300724,½Ý¼ÑÎ°´´,,39.58,38.5,38.12,-0.04,-0.1049,4412412,171101273.2
2019-12-26,'300724,½Ý¼ÑÎ°´´,,39.02,36.95,37.25,0.87,2.3356,3658812,139346530.79
2019-12-25,'300724,½Ý¼ÑÎ°´´,,37.36,36.61,36.71,0.54,1.471,2728618,100875822.7
2019-12-24,'300724,½Ý¼ÑÎ°´´,,36.84,35.71,35.7,1.01,2.8291,2640970,96251851.8
2019-12-23,'300724,½Ý¼ÑÎ°´´,,36.61,36.02,35.82,-0.12,-0.335,3002705,108513280.12
2019-12-20,'300724,½Ý¼ÑÎ°´´,,37.0,36.42,36.43,-0.61,-1.6744,2529600,91838222.0
2019-12-19,'300724,½Ý¼ÑÎ°´´,,36.91,36.49,36.21,0.22,0.6076,2168806,79152479.26
2019-12-18,'300724,½Ý¼ÑÎ°´´,,37.2,36.68,36.68,-0.47,-1.2814,2968806,108056598.44
2019-12-17,'300724,½Ý¼ÑÎ°´´,,37.29,37.13,37.06,-0.38,-1.0254,2460918,90364071.41
2019-12-16,'300724,½Ý¼ÑÎ°´´,,37.99,37.27,37.13,-0.07,-0.1885,2833986,104993092.29
2019-12-13,'300724,½Ý¼ÑÎ°´´,,37.39,37.07,36.45,0.68,1.8656,3420815,126781081.92
2019-12-12,'300724,½Ý¼ÑÎ°´´,,37.21,36.4,36.83,-0.38,-1.0318,1946587,71557123.42
2019-12-11,'300724,½Ý¼ÑÎ°´´,,37.3,36.57,36.43,0.4,1.098,2238924,82295167.71
2019-12-10,'300724,½Ý¼ÑÎ°´´,,36.95,36.82,36.38,0.05,0.1374,3444433,125137855.74
2019-12-09,'300724,½Ý¼ÑÎ°´´,,37.79,36.75,36.37,0.01,0.0275,3295166,121619359.83
2019-12-06,'300724,½Ý¼ÑÎ°´´,,36.6,36.29,36.04,0.33,0.9156,2690140,97614165.94
2019-12-05,'300724,½Ý¼ÑÎ°´´,,36.68,36.06,36.18,-0.14,-0.387,3551130,128440744.49
2019-12-04,'300724,½Ý¼ÑÎ°´´,,36.48,35.83,35.45,0.73,2.0592,3525610,126891837.4
2019-12-03,'300724,½Ý¼ÑÎ°´´,,35.5,34.47,34.65,0.8,2.3088,4319142,151720546.46
2019-12-02,'300724,½Ý¼ÑÎ°´´,,35.0,33.9,33.84,0.81,2.3936,5060697,174800488.12
2019-11-29,'300724,½Ý¼ÑÎ°´´,,33.98,33.55,33.33,0.51,1.5302,4188287,140903876.73
2019-11-28,'300724,½Ý¼ÑÎ°´´,,33.38,32.59,32.45,0.88,2.7119,5987842,198573087.12
2019-11-27,'300724,½Ý¼ÑÎ°´´,,32.8,31.1,31.1,1.35,4.3408,6302675,202767355.23
2019-11-26,'300724,½Ý¼ÑÎ°´´,,31.2,30.13,29.79,1.31,4.3974,3119218,95797823.04
2019-11-25,'300724,½Ý¼ÑÎ°´´,,30.45,30.45,30.25,-0.46,-1.5207,2065659,61876472.66
2019-11-22,'300724,½Ý¼ÑÎ°´´,,31.29,31.02,31.02,-0.77,-2.4823,2574194,78579277.62
2019-11-21,'300724,½Ý¼ÑÎ°´´,,31.43,31.16,31.24,-0.22,-0.7042,2247977,69835898.36
2019-11-20,'300724,½Ý¼ÑÎ°´´,,32.08,31.7,31.71,-0.47,-1.4822,1531132,48575340.43
2019-11-19,'300724,½Ý¼ÑÎ°´´,,31.83,31.3,31.0,0.71,2.2903,2634355,82807377.09
2019-11-18,'300724,½Ý¼ÑÎ°´´,,31.4,30.98,31.01,-0.01,-0.0322,1829423,56623071.99
2019-11-15,'300724,½Ý¼ÑÎ°´´,,31.92,31.91,31.85,-0.84,-2.6374,1769579,55208794.77
2019-11-14,'300724,½Ý¼ÑÎ°´´,,32.08,31.7,31.58,0.27,0.855,1173332,37290383.12
2019-11-13,'300724,½Ý¼ÑÎ°´´,,31.85,31.85,31.69,-0.11,-0.3471,1048600,33143256.0
2019-11-12,'300724,½Ý¼ÑÎ°´´,,32.33,32.07,32.38,-0.69,-2.1309,1978121,62662939.15
2019-11-11,'300724,½Ý¼ÑÎ°´´,,33.1,33.1,33.45,-1.07,-3.1988,2775495,89661622.78
2019-11-08,'300724,½Ý¼ÑÎ°´´,,33.88,33.27,33.24,0.21,0.6318,2142763,71709491.67
2019-11-07,'300724,½Ý¼ÑÎ°´´,,33.48,33.29,33.3,-0.06,-0.1802,1555203,51639881.44
2019-11-06,'300724,½Ý¼ÑÎ°´´,,34.28,33.7,33.91,-0.61,-1.7989,2243796,75274254.87
2019-11-05,'300724,½Ý¼ÑÎ°´´,,34.48,34.48,34.43,-0.52,-1.5103,2822380,95413542.8
2019-11-04,'300724,½Ý¼ÑÎ°´´,,34.58,34.11,34.16,0.27,0.7904,2406360,82591895.0
2019-11-01,'300724,½Ý¼ÑÎ°´´,,34.4,33.5,33.5,0.66,1.9701,2381247,80920652.65
2019-10-31,'300724,½Ý¼ÑÎ°´´,,33.93,33.3,33.41,0.09,0.2694,2007312,67597833.51
2019-10-30,'300724,½Ý¼ÑÎ°´´,,33.78,32.94,32.9,0.51,1.5502,2508874,83334575.35
2019-10-29,'300724,½Ý¼ÑÎ°´´,,33.8,33.66,33.66,-0.76,-2.2579,3063061,101064661.59
2019-10-28,'300724,½Ý¼ÑÎ°´´,,33.95,33.57,33.3,0.36,1.0811,2176201,73068341.17
2019-10-25,'300724,½Ý¼ÑÎ°´´,,34.05,33.7,34.17,-0.87,-2.5461,4199412,138727710.92
2019-10-24,'300724,½Ý¼ÑÎ°´´,,34.45,33.75,33.63,0.54,1.6057,3268429,110876314.26
2019-10-23,'300724,½Ý¼ÑÎ°´´,,34.18,33.7,33.86,-0.23,-0.6793,2942988,99364673.95
2019-10-22,'300724,½Ý¼ÑÎ°´´,,33.98,32.15,32.33,1.53,4.7324,4172898,139486803.53
2019-10-21,'300724,½Ý¼ÑÎ°´´,,32.58,32.4,32.23,0.1,0.3103,5543376,176713767.39
2019-10-18,'300724,½Ý¼ÑÎ°´´,,33.18,33.11,32.88,-0.65,-1.9769,2452000,79834486.0
2019-10-17,'300724,½Ý¼ÑÎ°´´,,34.03,33.69,34.09,-1.21,-3.5494,4173494,138383766.31
2019-10-16,'300724,½Ý¼ÑÎ°´´,,34.88,33.4,33.07,1.02,3.0844,4143458,141685227.89
2019-10-15,'300724,½Ý¼ÑÎ°´´,,34.04,33.96,33.6,-0.53,-1.5774,3545500,119239361.0
2019-10-14,'300724,½Ý¼ÑÎ°´´,,34.47,32.82,32.8,0.8,2.439,6339455,213424329.0
2019-10-11,'300724,½Ý¼ÑÎ°´´,,33.17,33.03,33.03,-0.23,-0.6963,3576970,117030558.42
2019-10-10,'300724,½Ý¼ÑÎ°´´,,33.24,33.15,32.91,0.12,0.3646,4812000,158087536.42
2019-10-09,'300724,½Ý¼ÑÎ°´´,,33.3,31.38,31.4,1.51,4.8089,4358192,142047526.14
2019-10-08,'300724,½Ý¼ÑÎ°´´,,32.66,32.65,32.4,-1.0,-3.0864,3267149,103714138.79
2019-09-30,'300724,½Ý¼ÑÎ°´´,,33.77,33.75,33.33,-0.93,-2.7903,2775891,90895979.15
2019-09-27,'300724,½Ý¼ÑÎ°´´,,33.95,32.99,32.8,0.53,1.6159,3461979,116269332.2
2019-09-26,'300724,½Ý¼ÑÎ°´´,,34.33,33.99,34.0,-1.2,-3.5294,4779533,158888662.1
2019-09-25,'300724,½Ý¼ÑÎ°´´,,34.75,33.83,34.28,-0.28,-0.8168,4889900,167426693.0
2019-09-24,'300724,½Ý¼ÑÎ°´´,,35.17,34.92,34.39,-0.11,-0.3199,4457621,154226201.67
2019-09-23,'300724,½Ý¼ÑÎ°´´,,35.35,34.01,34.97,-0.58,-1.6586,5671630,196662271.1
2019-09-20,'300724,½Ý¼ÑÎ°´´,,35.99,35.23,34.9,0.07,0.2006,4298039,151152557.52
2019-09-19,'300724,½Ý¼ÑÎ°´´,,34.95,33.05,32.97,1.93,5.8538,5479804,188090573.9
2019-09-18,'300724,½Ý¼ÑÎ°´´,,33.26,32.65,32.8,0.17,0.5183,2764210,91032997.38
2019-09-17,'300724,½Ý¼ÑÎ°´´,,34.1,34.02,34.38,-1.58,-4.5957,3692103,122516009.64
2019-09-16,'300724,½Ý¼ÑÎ°´´,,35.21,34.55,34.31,0.07,0.204,4449297,153008174.42
2019-09-12,'300724,½Ý¼ÑÎ°´´,,35.16,34.23,34.23,0.08,0.2337,3305954,114084987.32
2019-09-11,'300724,½Ý¼ÑÎ°´´,,35.44,33.99,33.74,0.49,1.4523,6112207,211773397.31
2019-09-10,'300724,½Ý¼ÑÎ°´´,,34.0,33.77,33.77,-0.03,-0.0888,4341500,144796665.01
2019-09-09,'300724,½Ý¼ÑÎ°´´,,34.0,33.5,33.29,0.48,1.4419,5255907,174709014.88
2019-09-06,'300724,½Ý¼ÑÎ°´´,,33.4,33.05,32.69,0.6,1.8354,4052336,134262049.76
2019-09-05,'300724,½Ý¼ÑÎ°´´,,33.81,33.57,33.05,-0.36,-1.0893,4049900,133788095.08
2019-09-04,'300724,½Ý¼ÑÎ°´´,,33.08,33.0,32.92,0.13,0.3949,3037539,99495122.87
2019-09-03,'300724,½Ý¼ÑÎ°´´,,33.32,32.23,32.18,0.74,2.2996,5484854,179782319.78
2019-09-02,'300724,½Ý¼ÑÎ°´´,,32.8,31.5,31.29,0.89,2.8444,5124322,164368865.61
2019-08-30,'300724,½Ý¼ÑÎ°´´,,32.73,32.4,32.4,-1.11,-3.4259,4812837,152425650.69
2019-08-29,'300724,½Ý¼ÑÎ°´´,,33.26,32.64,32.55,-0.15,-0.4608,3958749,128848913.56
2019-08-28,'300724,½Ý¼ÑÎ°´´,,33.26,32.6,32.87,-0.32,-0.9735,3548200,116010677.0
2019-08-27,'300724,½Ý¼ÑÎ°´´,,33.57,32.34,31.93,0.94,2.9439,5267501,173131622.2
2019-08-26,'300724,½Ý¼ÑÎ°´´,,32.7,31.61,31.98,-0.05,-0.1563,3930996,125897964.1
2019-08-23,'300724,½Ý¼ÑÎ°´´,,32.88,32.28,32.19,-0.21,-0.6524,5016978,161270139.62
2019-08-22,'300724,½Ý¼ÑÎ°´´,,33.47,31.5,30.86,1.33,4.3098,9773341,317283890.94
2019-08-21,'300724,½Ý¼ÑÎ°´´,,31.77,29.56,29.54,1.32,4.4685,7601139,233275232.38
2019-08-20,'300724,½Ý¼ÑÎ°´´,,30.63,28.76,28.73,0.81,2.8194,7310852,218825249.12
2019-08-19,'300724,½Ý¼ÑÎ°´´,,28.99,27.58,27.18,1.55,5.7027,6253644,176916800.12
2019-08-16,'300724,½Ý¼ÑÎ°´´,,27.5,27.2,27.43,-0.25,-0.9114,3145980,85650403.1
2019-08-15,'300724,½Ý¼ÑÎ°´´,,27.5,26.74,27.35,0.08,0.2925,3188654,86370654.71
2019-08-14,'300724,½Ý¼ÑÎ°´´,,27.7,27.41,27.08,0.27,0.997,3808475,103882766.5
2019-08-13,'300724,½Ý¼ÑÎ°´´,,27.89,27.21,27.93,-0.85,-3.0433,4067322,111232317.68
2019-08-12,'300724,½Ý¼ÑÎ°´´,,28.54,28.41,28.51,-0.58,-2.0344,5117200,142019156.0
2019-08-09,'300724,½Ý¼ÑÎ°´´,,29.08,28.66,28.72,-0.21,-0.7312,4864319,137726793.2
2019-08-08,'300724,½Ý¼ÑÎ°´´,,29.78,29.45,29.55,-0.83,-2.8088,3635024,105874413.07
2019-08-07,'300724,½Ý¼ÑÎ°´´,,31.22,31.21,30.88,-1.33,-4.307,3809700,114657174.81
2019-08-06,'300724,½Ý¼ÑÎ°´´,,31.31,30.0,30.8,0.08,0.2597,5729510,174648258.57
2019-08-05,'300724,½Ý¼ÑÎ°´´,,31.81,31.67,31.78,-0.98,-3.0837,3981703,124055495.71
2019-08-02,'300724,½Ý¼ÑÎ°´´,,31.98,31.16,31.8,-0.02,-0.0629,6803747,213506253.4
2019-08-01,'300724,½Ý¼ÑÎ°´´,,32.35,31.65,31.97,-0.17,-0.5317,5945916,187855982.32
2019-07-31,'300724,½Ý¼ÑÎ°´´,,32.27,31.05,31.41,0.56,1.7829,7032630,222322941.97
2019-07-30,'300724,½Ý¼ÑÎ°´´,,32.45,30.1,30.09,1.32,4.3868,9589433,300454160.74
2019-07-29,'300724,½Ý¼ÑÎ°´´,,30.09,28.41,28.41,1.68,5.9134,6355984,186895820.21
2019-07-26,'300724,½Ý¼ÑÎ°´´,,29.26,29.2,29.13,-0.72,-2.4717,2941075,84040106.08
2019-07-25,'300724,½Ý¼ÑÎ°´´,,29.56,28.85,28.79,0.34,1.181,3797327,110309851.52
2019-07-24,'300724,½Ý¼ÑÎ°´´,,28.97,27.88,27.79,1.0,3.5984,3291166,93998068.84
2019-07-23,'300724,½Ý¼ÑÎ°´´,,28.18,28.18,28.01,-0.22,-0.7854,1933808,53491389.88
2019-07-22,'300724,½Ý¼ÑÎ°´´,,28.48,27.95,28.17,-0.16,-0.568,2035700,56712681.0
2019-07-19,'300724,½Ý¼ÑÎ°´´,,28.79,28.24,28.29,-0.12,-0.4242,2550542,72429913.08
2019-07-18,'300724,½Ý¼ÑÎ°´´,,29.25,29.19,29.25,-0.96,-3.2821,3018682,86315866.01
2019-07-17,'300724,½Ý¼ÑÎ°´´,,29.65,28.34,28.36,0.89,3.1382,4408533,128915676.38
2019-07-16,'300724,½Ý¼ÑÎ°´´,,28.59,28.43,28.36,0.0,0.0,1662300,47147689.0
2019-07-15,'300724,½Ý¼ÑÎ°´´,,28.68,28.08,28.08,0.28,0.9972,1948253,55160991.83
2019-07-12,'300724,½Ý¼ÑÎ°´´,,28.16,27.28,27.53,0.55,1.9978,2542618,71034275.78
2019-07-11,'300724,½Ý¼ÑÎ°´´,,27.97,27.5,27.18,0.35,1.2877,2533736,69761627.75
2019-07-10,'300724,½Ý¼ÑÎ°´´,,28.13,27.9,27.97,-0.79,-2.8245,2407600,66067210.56
2019-07-09,'300724,½Ý¼ÑÎ°´´,,28.6,28.4,28.2,-0.23,-0.8156,2186400,61200353.18
2019-07-08,'300724,½Ý¼ÑÎ°´´,,29.7,29.29,29.29,-1.09,-3.7214,3898408,112108995.45
2019-07-05,'300724,½Ý¼ÑÎ°´´,,29.43,28.5,28.3,0.99,3.4982,3678125,106738439.86
2019-07-04,'300724,½Ý¼ÑÎ°´´,,29.1,29.1,28.9,-0.6,-2.0761,3038390,86437789.85
2019-07-03,'300724,½Ý¼ÑÎ°´´,,28.99,28.51,28.75,0.15,0.5217,4308487,123499405.86
2019-07-02,'300724,½Ý¼ÑÎ°´´,,28.9,27.63,27.86,0.89,3.1945,5602080,159569059.5
2019-07-01,'300724,½Ý¼ÑÎ°´´,,27.99,27.15,26.62,1.24,4.6582,4190991,114901743.44
2019-06-28,'300724,½Ý¼ÑÎ°´´,,27.1,27.01,27.01,-0.39,-1.4439,2214286,59149813.14
2019-06-27,'300724,½Ý¼ÑÎ°´´,,27.06,26.59,26.46,0.55,2.0786,3289085,88218227.58
2019-06-26,'300724,½Ý¼ÑÎ°´´,,26.9,26.58,26.68,-0.22,-0.8246,2386117,63363948.55
2019-06-25,'300724,½Ý¼ÑÎ°´´,,27.5,27.49,27.39,-0.71,-2.5922,3867706,104155075.4
2019-06-24,'300724,½Ý¼ÑÎ°´´,,28.39,28.39,28.38,-0.99,-3.4884,5327795,146416011.75
2019-06-21,'300724,½Ý¼ÑÎ°´´,,28.59,27.73,27.43,0.95,3.4634,5229565,147533289.08
2019-06-20,'300724,½Ý¼ÑÎ°´´,,27.76,27.72,28.05,-0.62,-2.2103,5736747,156305144.13
2019-06-19,'300724,½Ý¼ÑÎ°´´,,28.5,27.01,27.33,0.72,2.6345,3231404,90365822.83
2019-06-18,'300724,½Ý¼ÑÎ°´´,,28.04,28.04,27.79,-0.46,-1.6553,2544840,69627742.87
2019-06-17,'300724,½Ý¼ÑÎ°´´,,29.5,28.94,28.79,-1.0,-3.4734,3702633,104114389.48
2019-06-14,'300724,½Ý¼ÑÎ°´´,,30.14,29.18,29.15,-0.36,-1.235,3677601,108170643.24
2019-06-13,'300724,½Ý¼ÑÎ°´´,,29.65,28.5,28.66,0.49,1.7097,2674098,77757912.63
2019-06-12,'300724,½Ý¼ÑÎ°´´,,28.87,28.5,28.52,0.14,0.4909,1769281,50541571.18
2019-06-11,'300724,½Ý¼ÑÎ°´´,,28.82,27.1,26.99,1.53,5.6688,3233449,90729002.75
2019-06-10,'300724,½Ý¼ÑÎ°´´,,27.42,27.13,26.75,0.24,0.8972,1728969,46809956.38
2019-06-06,'300724,½Ý¼ÑÎ°´´,,28.1,27.97,27.8,-1.05,-3.777,2041044,55528028.92
2019-06-05,'300724,½Ý¼ÑÎ°´´,,28.65,28.65,28.08,-0.28,-0.9972,1892679,53370810.05
2019-06-04,'300724,½Ý¼ÑÎ°´´,,29.58,28.75,28.74,-0.48,-1.6701,2630300,76001882.83
2019-06-03,'300724,½Ý¼ÑÎ°´´,,29.4,29.15,29.37,-0.63,-2.145,3418074,99233573.45
2019-05-31,'300724,½Ý¼ÑÎ°´´,,29.47,28.15,27.76,1.61,5.7997,5787940,168298354.26
2019-05-30,'300724,½Ý¼ÑÎ°´´,,28.4,28.2,28.2,-0.44,-1.5603,2033485,56503505.0
2019-05-29,'300724,½Ý¼ÑÎ°´´,,28.89,28.14,28.4,-0.2,-0.7042,1980169,56395657.64
2019-05-28,'300724,½Ý¼ÑÎ°´´,,29.2,29.2,29.07,-0.67,-2.3048,2981664,85536391.03
2019-05-27,'300724,½Ý¼ÑÎ°´´,,29.1,27.82,27.9,1.17,4.1935,3386398,96795235.5
2019-05-24,'300724,½Ý¼ÑÎ°´´,,28.3,27.49,27.39,0.51,1.862,2865192,79983470.82
2019-05-23,'300724,½Ý¼ÑÎ°´´,,27.68,26.88,27.15,0.24,0.884,2725102,74130745.16
2019-05-22,'300724,½Ý¼ÑÎ°´´,,27.69,26.84,26.44,0.71,2.6853,3205744,87289559.8
2019-05-21,'300724,½Ý¼ÑÎ°´´,,26.78,25.81,25.9,0.54,2.0849,2974785,78681060.42
2019-05-20,'300724,½Ý¼ÑÎ°´´,,27.0,26.92,27.17,-1.27,-4.6743,3965691,102812901.86
2019-05-17,'300724,½Ý¼ÑÎ°´´,,29.01,29.01,28.94,-1.77,-6.1161,5152784,141761582.88
2019-05-16,'300724,½Ý¼ÑÎ°´´,,29.3,28.7,28.5,0.44,1.5439,3862635,110764527.07
2019-05-15,'300724,½Ý¼ÑÎ°´´,,29.25,27.33,27.02,1.48,5.4774,6163368,175262480.68
2019-05-14,'300724,½Ý¼ÑÎ°´´,,27.8,26.85,26.88,0.14,0.5208,2370734,64660337.99
2019-05-13,'300724,½Ý¼ÑÎ°´´,,27.77,27.51,27.99,-1.11,-3.9657,2748822,74883235.6
2019-05-10,'300724,½Ý¼ÑÎ°´´,,28.1,27.15,27.15,0.84,3.0939,3605124,99499086.39
2019-05-09,'300724,½Ý¼ÑÎ°´´,,27.16,26.58,26.82,0.33,1.2304,2236264,60141522.9
2019-05-08,'300724,½Ý¼ÑÎ°´´,,27.62,26.89,27.45,-0.63,-2.2951,3658075,98798573.57
2019-05-07,'300724,½Ý¼ÑÎ°´´,,28.42,28.0,27.65,-0.2,-0.7233,3616623,99427033.02
2019-05-06,'300724,½Ý¼ÑÎ°´´,,28.79,28.7,29.38,-1.73,-5.8884,2778153,78060682.44
2019-04-30,'300724,½Ý¼ÑÎ°´´,,30.0,28.95,29.28,0.1,0.3415,3180520,93603260.3
2019-04-29,'300724,½Ý¼ÑÎ°´´,,30.3,29.8,30.3,-1.02,-3.3663,5734629,168269894.3
2019-04-26,'300724,½Ý¼ÑÎ°´´,,32.3,32.29,32.39,-2.09,-6.4526,8105903,241723400.03
2019-04-25,'300724,½Ý¼ÑÎ°´´,,35.43,35.0,35.4,-3.01,-8.5028,4914229,164862276.64
2019-04-24,'300724,½Ý¼ÑÎ°´´,,36.44,35.94,36.18,-0.78,-2.1559,2984191,104889736.2
2019-04-23,'300724,½Ý¼ÑÎ°´´,,36.58,36.35,36.13,0.05,0.1384,1641700,59394913.06
2019-04-22,'300724,½Ý¼ÑÎ°´´,,37.37,36.7,36.67,-0.54,-1.4726,2403308,88374359.41
2019-04-19,'300724,½Ý¼ÑÎ°´´,,37.59,36.3,36.65,0.02,0.0546,3003408,111119802.13
2019-04-18,'300724,½Ý¼ÑÎ°´´,,37.25,35.72,35.63,1.02,2.8628,5084986,186514598.85
2019-04-17,'300724,½Ý¼ÑÎ°´´,,36.15,34.6,34.68,0.95,2.7393,3593616,127014261.21
2019-04-16,'300724,½Ý¼ÑÎ°´´,,34.84,34.06,34.34,0.34,0.9901,2693418,92068589.7
2019-04-15,'300724,½Ý¼ÑÎ°´´,,35.08,34.8,34.73,-0.39,-1.1229,3052415,105917849.25
2019-04-12,'300724,½Ý¼ÑÎ°´´,,35.5,34.11,33.67,1.06,3.1482,3911616,136012234.51
2019-04-11,'300724,½Ý¼ÑÎ°´´,,34.07,33.1,33.04,0.63,1.9068,3588662,119985864.2
2019-04-10,'300724,½Ý¼ÑÎ°´´,,34.42,34.1,34.23,-1.19,-3.4765,5004456,166266785.69
2019-04-09,'300724,½Ý¼ÑÎ°´´,,35.45,34.91,35.06,-0.83,-2.3674,2974149,102432554.73
2019-04-08,'300724,½Ý¼ÑÎ°´´,,37.38,36.7,36.7,-1.64,-4.4687,3357368,120151435.1
2019-04-04,'300724,½Ý¼ÑÎ°´´,,37.98,37.32,37.48,-0.78,-2.0811,3537212,132126835.13
2019-04-03,'300724,½Ý¼ÑÎ°´´,,37.64,35.94,35.98,1.5,4.169,3967140,145586742.63
2019-04-02,'300724,½Ý¼ÑÎ°´´,,36.86,36.45,36.14,-0.16,-0.4427,2837137,103017773.38
2019-04-01,'300724,½Ý¼ÑÎ°´´,,37.21,33.86,33.83,2.31,6.8283,5331816,191458967.4
2019-03-29,'300724,½Ý¼ÑÎ°´´,,33.85,32.66,32.85,0.98,2.9833,2411340,80706287.94
2019-03-28,'300724,½Ý¼ÑÎ°´´,,33.74,32.92,32.92,-0.07,-0.2126,2609238,86737677.37
2019-03-27,'300724,½Ý¼ÑÎ°´´,,33.96,33.46,33.46,-0.54,-1.6139,3741601,122382884.62
2019-03-26,'300724,½Ý¼ÑÎ°´´,,34.59,34.18,34.13,-0.67,-1.9631,2555950,86435275.52
2019-03-25,'300724,½Ý¼ÑÎ°´´,,34.69,34.07,34.11,0.02,0.0586,2960920,101282280.73
2019-03-22,'300724,½Ý¼ÑÎ°´´,,35.49,35.49,35.5,-1.39,-3.9155,4323243,148323150.68
2019-03-21,'300724,½Ý¼ÑÎ°´´,,35.79,35.5,35.55,-0.05,-0.1406,3975447,139527981.07
2019-03-20,'300724,½Ý¼ÑÎ°´´,,36.75,36.17,36.02,-0.47,-1.3048,2779671,99590003.7
2019-03-19,'300724,½Ý¼ÑÎ°´´,,36.8,36.31,36.1,-0.08,-0.2216,2564711,93165649.86
2019-03-18,'300724,½Ý¼ÑÎ°´´,,36.27,35.99,35.8,0.3,0.838,3170161,113214415.49
2019-03-15,'300724,½Ý¼ÑÎ°´´,,36.77,36.0,36.15,-0.35,-0.9682,3024534,109292716.78
2019-03-14,'300724,½Ý¼ÑÎ°´´,,36.78,34.65,35.13,1.02,2.9035,5329811,193555190.42
2019-03-13,'300724,½Ý¼ÑÎ°´´,,37.94,37.3,37.41,-2.28,-6.0946,5311439,193444110.03
2019-03-12,'300724,½Ý¼ÑÎ°´´,,38.79,36.39,36.07,1.34,3.715,10750580,402296449.66
2019-03-11,'300724,½Ý¼ÑÎ°´´,,36.58,34.55,34.86,1.21,3.471,8141196,291063507.48
2019-03-08,'300724,½Ý¼ÑÎ°´´,,36.96,36.09,37.32,-2.46,-6.5916,8057290,288318565.26
2019-03-07,'300724,½Ý¼ÑÎ°´´,,37.64,37.49,37.71,-0.39,-1.0342,11285744,412447844.96
2019-03-06,'300724,½Ý¼ÑÎ°´´,,38.3,37.58,37.06,0.65,1.7539,6823102,257589171.37
2019-03-05,'300724,½Ý¼ÑÎ°´´,,37.36,37.0,37.0,0.06,0.1622,4680362,173126276.73
2019-03-04,'300724,½Ý¼ÑÎ°´´,,39.28,38.33,38.1,-1.1,-2.8871,8515756,320022501.0
2019-03-01,'300724,½Ý¼ÑÎ°´´,,38.77,38.1,38.08,0.02,0.0525,2978543,113693487.89
2019-02-28,'300724,½Ý¼ÑÎ°´´,,38.98,36.7,37.62,0.46,1.2228,4193923,159598169.23
2019-02-27,'300724,½Ý¼ÑÎ°´´,,38.3,37.6,39.06,-1.44,-3.6866,8832532,327282618.7
2019-02-26,'300724,½Ý¼ÑÎ°´´,,43.35,43.35,43.4,-4.34,-10.0,11220743,448517684.26
2019-02-25,'300724,½Ý¼ÑÎ°´´,,43.4,39.89,39.45,3.95,10.0127,4803245,200682483.63
2019-02-22,'300724,½Ý¼ÑÎ°´´,,40.1,38.3,38.6,0.85,2.2021,3083340,120099033.87
2019-02-21,'300724,½Ý¼ÑÎ°´´,,40.12,37.76,37.98,0.62,1.6324,4039951,157470807.95
2019-02-20,'300724,½Ý¼ÑÎ°´´,,38.56,37.06,36.94,1.04,2.8154,2765891,104102776.85
2019-02-19,'300724,½Ý¼ÑÎ°´´,,39.28,36.1,35.8,1.14,3.1844,6139264,230361214.65
2019-02-18,'300724,½Ý¼ÑÎ°´´,,36.19,34.67,34.67,1.13,3.2593,4144740,146843550.17
2019-02-15,'300724,½Ý¼ÑÎ°´´,,35.38,35.27,35.43,-0.76,-2.1451,2676678,93763671.42
2019-02-14,'300724,½Ý¼ÑÎ°´´,,35.5,34.68,34.81,0.62,1.7811,4335437,151231248.67
2019-02-13,'300724,½Ý¼ÑÎ°´´,,35.22,34.5,34.57,0.24,0.6942,3513102,121433212.53
2019-02-12,'300724,½Ý¼ÑÎ°´´,,34.93,34.87,34.69,-0.12,-0.3459,2674618,92108571.72
2019-02-11,'300724,½Ý¼ÑÎ°´´,,35.28,33.59,33.4,1.29,3.8623,3540721,122422765.72
2019-02-01,'300724,½Ý¼ÑÎ°´´,,34.01,31.99,31.85,1.55,4.8666,3255510,107453694.7
2019-01-31,'300724,½Ý¼ÑÎ°´´,,32.55,32.13,32.32,-0.47,-1.4542,3534118,112570540.87
2019-01-30,'300724,½Ý¼ÑÎ°´´,,35.88,33.88,33.85,-1.53,-4.5199,6505247,219015221.83
2019-01-29,'300724,½Ý¼ÑÎ°´´,,34.05,33.7,33.76,0.09,0.2666,3243304,108437310.86
2019-01-28,'300724,½Ý¼ÑÎ°´´,,34.56,32.65,32.7,1.06,3.2416,5090768,171634916.3
2019-01-25,'300724,½Ý¼ÑÎ°´´,,33.33,30.64,30.73,1.97,6.4107,6161022,198221022.04
2019-01-24,'300724,½Ý¼ÑÎ°´´,,31.23,30.59,30.65,0.08,0.261,5278525,160809687.85
2019-01-23,'300724,½Ý¼ÑÎ°´´,,31.04,30.48,30.68,-0.03,-0.0978,2327530,71083468.32
2019-01-22,'300724,½Ý¼ÑÎ°´´,,30.94,29.89,30.06,0.62,2.0625,3468525,105539869.5
2019-01-21,'300724,½Ý¼ÑÎ°´´,,30.39,30.1,30.15,-0.09,-0.2985,1975863,59270115.38
2019-01-18,'300724,½Ý¼ÑÎ°´´,,30.38,29.95,29.88,0.27,0.9036,3931507,117897983.61
2019-01-17,'300724,½Ý¼ÑÎ°´´,,31.32,30.83,31.05,-1.17,-3.7681,4121497,125677391.27
2019-01-16,'300724,½Ý¼ÑÎ°´´,,31.78,29.88,29.88,1.17,3.9157,4767120,147841444.54
2019-01-15,'300724,½Ý¼ÑÎ°´´,,30.22,29.49,29.49,0.39,1.3225,2317370,69230636.46
2019-01-14,'300724,½Ý¼ÑÎ°´´,,30.93,30.9,30.95,-1.46,-4.7173,3637680,108276713.54
2019-01-11,'300724,½Ý¼ÑÎ°´´,,30.99,30.2,30.49,0.46,1.5087,3596259,108941262.47
2019-01-10,'300724,½Ý¼ÑÎ°´´,,31.4,29.88,29.58,0.91,3.0764,5753080,175758199.87
2019-01-09,'300724,½Ý¼ÑÎ°´´,,30.6,30.4,30.42,-0.84,-2.7613,4295000,129077745.11
2019-01-08,'300724,½Ý¼ÑÎ°´´,,31.18,30.7,30.96,-0.54,-1.7442,2758996,84384638.93
2019-01-07,'300724,½Ý¼ÑÎ°´´,,30.98,30.05,29.98,0.98,3.2688,5086793,154539461.35
2019-01-04,'300724,½Ý¼ÑÎ°´´,,30.26,28.97,28.89,1.09,3.7729,4149323,123110267.14
2019-01-03,'300724,½Ý¼ÑÎ°´´,,29.97,29.23,29.34,-0.45,-1.5337,3029453,89241556.33
2019-01-02,'300724,½Ý¼ÑÎ°´´,,29.45,28.48,28.48,0.86,3.0197,3208205,92587971.39
2018-12-28,'300724,½Ý¼ÑÎ°´´,,29.05,28.58,28.24,0.24,0.8499,2360795,67441426.27
2018-12-27,'300724,½Ý¼ÑÎ°´´,,29.6,29.55,28.99,-0.75,-2.5871,2742582,79350351.6
2018-12-26,'300724,½Ý¼ÑÎ°´´,,29.95,29.01,28.99,0.0,0.0,5347784,157433509.65
2018-12-25,'300724,½Ý¼ÑÎ°´´,,29.39,28.57,28.88,0.11,0.3809,4565649,130870287.06
2018-12-24,'300724,½Ý¼ÑÎ°´´,,29.13,27.33,27.33,1.55,5.6714,6021868,171102393.8
2018-12-21,'300724,½Ý¼ÑÎ°´´,,27.65,27.09,27.22,0.11,0.4041,2979775,81543177.91
2018-12-20,'300724,½Ý¼ÑÎ°´´,,27.62,26.88,26.7,0.52,1.9476,2904488,78749047.29
2018-12-19,'300724,½Ý¼ÑÎ°´´,,27.45,27.16,26.94,-0.24,-0.8909,3304613,88529651.74
2018-12-18,'300724,½Ý¼ÑÎ°´´,,27.8,27.19,26.98,-0.04,-0.1483,3215430,87813321.34
2018-12-17,'300724,½Ý¼ÑÎ°´´,,27.35,26.32,26.35,0.63,2.3909,5277775,142372076.85
2018-12-14,'300724,½Ý¼ÑÎ°´´,,28.65,28.65,28.66,-2.31,-8.06,6266903,171902186.86
2018-12-13,'300724,½Ý¼ÑÎ°´´,,29.28,28.55,28.53,0.13,0.4557,3902894,112554437.48
2018-12-12,'300724,½Ý¼ÑÎ°´´,,29.67,29.21,29.41,-0.88,-2.9922,3385185,98489344.52
2018-12-11,'300724,½Ý¼ÑÎ°´´,,29.55,29.1,29.1,0.31,1.0653,6248969,179264189.18
2018-12-10,'300724,½Ý¼ÑÎ°´´,,29.59,29.25,29.39,-0.29,-0.9867,3115094,91105553.75
2018-12-07,'300724,½Ý¼ÑÎ°´´,,30.12,29.57,29.4,-0.01,-0.034,2849507,84193780.25
2018-12-06,'300724,½Ý¼ÑÎ°´´,,30.28,29.5,30.02,-0.62,-2.0653,5109024,151785206.78
2018-12-05,'300724,½Ý¼ÑÎ°´´,,30.6,27.99,28.59,1.43,5.0017,9282199,274864973.88
2018-12-04,'300724,½Ý¼ÑÎ°´´,,29.3,28.79,29.13,-0.54,-1.8538,5272551,151347017.47
2018-12-03,'300724,½Ý¼ÑÎ°´´,,29.65,28.77,28.07,1.06,3.7763,7729017,222777626.05
2018-11-30,'300724,½Ý¼ÑÎ°´´,,28.55,27.31,27.3,0.77,2.8205,6628766,185611509.06
2018-11-29,'300724,½Ý¼ÑÎ°´´,,28.94,28.61,28.5,-1.2,-4.2105,6106571,171880623.54
2018-11-28,'300724,½Ý¼ÑÎ°´´,,29.66,27.1,27.37,1.13,4.1286,9331262,263757283.51
2018-11-27,'300724,½Ý¼ÑÎ°´´,,27.59,26.43,26.53,0.84,3.1662,6429666,174276333.57
2018-11-26,'300724,½Ý¼ÑÎ°´´,,26.68,25.89,25.65,0.88,3.4308,6786382,175210524.38
2018-11-23,'300724,½Ý¼ÑÎ°´´,,26.79,26.17,26.02,-0.37,-1.422,6380278,167034511.49
2018-11-22,'300724,½Ý¼ÑÎ°´´,,27.4,27.15,27.2,-1.18,-4.3382,5627705,149073102.24
2018-11-21,'300724,½Ý¼ÑÎ°´´,,27.78,26.2,26.77,0.43,1.6063,8274567,224486174.83
2018-11-20,'300724,½Ý¼ÑÎ°´´,,27.22,26.7,27.3,-0.53,-1.9414,9078726,242207150.47
2018-11-19,'300724,½Ý¼ÑÎ°´´,,28.06,25.8,25.51,1.79,7.0169,18386511,503772189.65
2018-11-16,'300724,½Ý¼ÑÎ°´´,,26.53,25.1,25.14,0.37,1.4718,14180461,367707410.51
2018-11-15,'300724,½Ý¼ÑÎ°´´,,25.22,24.67,24.78,0.36,1.4528,14008066,349708137.02
2018-11-14,'300724,½Ý¼ÑÎ°´´,,25.22,23.65,23.79,0.99,4.1614,18264763,448785022.94
2018-11-13,'300724,½Ý¼ÑÎ°´´,,24.0,23.1,23.55,0.24,1.0191,11865124,277635387.72
2018-11-12,'300724,½Ý¼ÑÎ°´´,,23.61,22.48,22.81,0.74,3.2442,8746400,203383076.93
2018-11-09,'300724,½Ý¼ÑÎ°´´,,23.2,23.19,23.38,-0.57,-2.438,8934659,204723277.55
2018-11-08,'300724,½Ý¼ÑÎ°´´,,24.12,23.65,23.28,0.1,0.4296,15771677,373695699.95
2018-11-07,'300724,½Ý¼ÑÎ°´´,,24.06,23.82,24.35,-1.07,-4.3943,18528634,437510952.56
2018-11-06,'300724,½Ý¼ÑÎ°´´,,25.38,24.21,24.23,0.12,0.4953,30789160,751283232.9
2018-11-05,'300724,½Ý¼ÑÎ°´´,,24.23,24.23,22.03,2.2,9.9864,23195261,557313671.11
2018-11-02,'300724,½Ý¼ÑÎ°´´,,22.08,21.59,21.28,0.75,3.5244,11593727,252306122.36
2018-11-01,'300724,½Ý¼ÑÎ°´´,,21.95,21.45,21.47,-0.19,-0.885,11465608,247421258.73
2018-10-31,'300724,½Ý¼ÑÎ°´´,,21.9,20.93,20.83,0.64,3.0725,11660726,249609391.56
2018-10-30,'300724,½Ý¼ÑÎ°´´,,21.08,20.49,20.49,0.34,1.6593,8571769,176598924.57
2018-10-29,'300724,½Ý¼ÑÎ°´´,,21.13,20.47,20.78,-0.29,-1.3956,6045848,125763757.43
2018-10-26,'300724,½Ý¼ÑÎ°´´,,21.23,20.83,20.6,0.18,0.8738,8317283,173408287.87
2018-10-25,'300724,½Ý¼ÑÎ°´´,,20.66,20.5,21.65,-1.05,-4.8499,11532455,234441586.3
2018-10-24,'300724,½Ý¼ÑÎ°´´,,22.42,22.09,22.25,-0.6,-2.6966,8321858,182150909.38
2018-10-23,'300724,½Ý¼ÑÎ°´´,,23.22,23.0,23.22,-0.97,-4.1774,11997620,273397204.61
2018-10-22,'300724,½Ý¼ÑÎ°´´,,23.46,22.31,22.11,1.11,5.0204,15892472,364061842.87
2018-10-19,'300724,½Ý¼ÑÎ°´´,,22.16,20.88,21.47,0.64,2.9809,10314498,223533115.35
2018-10-18,'300724,½Ý¼ÑÎ°´´,,22.25,22.0,22.63,-1.16,-5.1259,10271991,223986449.47
2018-10-17,'300724,½Ý¼ÑÎ°´´,,22.88,22.43,22.09,0.54,2.4445,14469607,325181433.51
2018-10-16,'300724,½Ý¼ÑÎ°´´,,23.2,21.35,21.33,0.76,3.5631,13839141,302461792.87
2018-10-15,'300724,½Ý¼ÑÎ°´´,,22.42,21.85,21.35,-0.02,-0.0937,9164447,200774651.29
2018-10-12,'300724,½Ý¼ÑÎ°´´,,21.75,21.32,21.71,-0.36,-1.6582,8520654,181270832.5
2018-10-11,'300724,½Ý¼ÑÎ°´´,,23.12,22.61,24.12,-2.41,-9.9917,10607323,235639866.1
2018-10-10,'300724,½Ý¼ÑÎ°´´,,24.18,23.74,23.61,0.51,2.1601,8806295,210911975.6
2018-10-09,'300724,½Ý¼ÑÎ°´´,,23.85,23.5,23.23,0.38,1.6358,7306469,172264216.97
2018-10-08,'300724,½Ý¼ÑÎ°´´,,24.18,24.0,24.77,-1.54,-6.2172,8230065,195127726.55
2018-09-28,'300724,½Ý¼ÑÎ°´´,,25.2,24.7,24.66,0.11,0.4461,8106004,202148165.19
2018-09-27,'300724,½Ý¼ÑÎ°´´,,26.3,26.3,26.55,-1.89,-7.1186,15691595,399541307.05
2018-09-26,'300724,½Ý¼ÑÎ°´´,,26.58,26.3,26.34,0.21,0.7973,13574036,353991581.25
2018-09-25,'300724,½Ý¼ÑÎ°´´,,26.68,26.35,26.3,0.04,0.1521,9632287,254503222.97
2018-09-21,'300724,½Ý¼ÑÎ°´´,,27.39,27.23,27.17,-0.87,-3.2021,17208339,453653948.11
2018-09-20,'300724,½Ý¼ÑÎ°´´,,28.09,27.31,27.52,-0.35,-1.2718,14476947,399491410.39
2018-09-19,'300724,½Ý¼ÑÎ°´´,,27.73,27.18,27.59,-0.07,-0.2537,16836148,458312251.08
2018-09-18,'300724,½Ý¼ÑÎ°´´,,27.7,26.99,27.29,0.3,1.0993,16049832,438794963.58
2018-09-17,'300724,½Ý¼ÑÎ°´´,,27.73,27.38,28.15,-0.86,-3.0551,14205815,388806941.36
2018-09-14,'300724,½Ý¼ÑÎ°´´,,29.87,29.59,31.28,-3.13,-10.0064,27283004,786646795.91
2018-09-13,'300724,½Ý¼ÑÎ°´´,,37.0,36.27,34.75,-3.47,-9.9856,34957534,1152592329.06
2018-09-12,'300724,½Ý¼ÑÎ°´´,,35.2,34.6,35.11,-0.36,-1.0253,25203803,862003920.51
2018-09-11,'300724,½Ý¼ÑÎ°´´,,35.5,34.59,35.02,0.09,0.257,26657061,930379252.04
2018-09-10,'300724,½Ý¼ÑÎ°´´,,35.48,34.48,34.47,0.55,1.5956,29840858,1028365815.35
2018-09-07,'300724,½Ý¼ÑÎ°´´,,34.58,33.0,33.33,1.14,3.4203,30762303,1037392871.45
2018-09-06,'300724,½Ý¼ÑÎ°´´,,34.8,32.03,32.27,1.06,3.2848,30913721,1023724189.1
2018-09-05,'300724,½Ý¼ÑÎ°´´,,32.79,31.51,31.4,0.87,2.7707,27289508,877563588.0
2018-09-04,'300724,½Ý¼ÑÎ°´´,,31.95,30.7,31.54,-0.14,-0.4439,19024653,597972192.04
2018-09-03,'300724,½Ý¼ÑÎ°´´,,31.96,31.69,30.94,0.6,1.9392,22146925,693807703.79
2018-08-31,'300724,½Ý¼ÑÎ°´´,,32.71,32.5,33.88,-2.94,-8.6777,26977160,859639406.37
2018-08-30,'300724,½Ý¼ÑÎ°´´,,35.35,33.65,33.6,0.28,0.8333,30339365,1042481744.15
2018-08-29,'300724,½Ý¼ÑÎ°´´,,34.68,34.1,35.1,-1.5,-4.2735,26037786,887163386.05
2018-08-28,'300724,½Ý¼ÑÎ°´´,,35.15,33.6,34.19,0.91,2.6616,33020542,1119680309.66
2018-08-27,'300724,½Ý¼ÑÎ°´´,,34.38,32.43,32.52,1.67,5.1353,28015532,935782666.46
2018-08-24,'300724,½Ý¼ÑÎ°´´,,33.36,33.0,33.79,-1.27,-3.7585,26274901,850648275.39
2018-08-23,'300724,½Ý¼ÑÎ°´´,,34.2,33.0,33.0,0.79,2.3939,26052679,874309425.82
2018-08-22,'300724,½Ý¼ÑÎ°´´,,35.3,35.0,36.08,-3.08,-8.5366,37528148,1269473531.88
2018-08-21,'300724,½Ý¼ÑÎ°´´,,37.77,35.0,34.68,1.4,4.0369,43602615,1546628316.95
2018-08-20,'300724,½Ý¼ÑÎ°´´,,36.12,36.12,32.84,1.84,5.6029,46817756,1646227264.54
2018-08-17,'300724,½Ý¼ÑÎ°´´,,32.84,32.84,29.85,2.99,10.0168,365937,12017371.08
2018-08-16,'300724,½Ý¼ÑÎ°´´,,29.85,29.85,27.14,2.71,9.9853,218260,6515061.0
2018-08-15,'300724,½Ý¼ÑÎ°´´,,27.14,27.14,24.67,2.47,10.0122,58168,1578679.52
2018-08-14,'300724,½Ý¼ÑÎ°´´,,24.67,24.67,22.43,2.24,9.9866,33659,830367.53
2018-08-13,'300724,½Ý¼ÑÎ°´´,,22.43,22.43,20.39,2.04,10.0049,18650,418319.5
2018-08-10,'300724,N½Ý¼Ñ,,20.39,16.99,14.16,6.23,43.9972,48942,997417.38
