日期,股票代码,名称,TCLOSW,最高价,开盘价,前收盘,涨跌额,涨跌幅,成交量,成交金额
2021-02-19,'300643,万通智控,,10.45,9.99,10.04,0.4,3.9841,2298000,23619673.0
2021-02-18,'300643,万通智控,,10.19,9.6,9.55,0.49,5.1309,3136100,31338417.0
2021-02-10,'300643,万通智控,,9.82,9.6,9.58,-0.03,-0.3132,2131800,20488759.0
2021-02-09,'300643,万通智控,,9.67,9.6,9.43,0.15,1.5907,2175693,20725785.01
2021-02-08,'300643,万通智控,,9.84,9.81,9.85,-0.42,-4.264,2071600,19725406.0
2021-02-05,'300643,万通智控,,10.3,10.14,10.06,-0.21,-2.0875,2543100,25441639.0
2021-02-04,'300643,万通智控,,10.52,10.35,10.41,-0.35,-3.3622,3406701,34515688.17
2021-02-03,'300643,万通智控,,11.05,10.93,11.19,-0.78,-6.9705,5325901,57014279.72
2021-02-02,'300643,万通智控,,11.8,10.33,10.49,0.7,6.673,7452101,82435775.86
2021-02-01,'300643,万通智控,,10.6,10.45,10.37,0.12,1.1572,1883100,19628873.0
2021-01-29,'300643,万通智控,,10.55,10.47,10.4,-0.03,-0.2885,2518893,25983742.83
2021-01-28,'300643,万通智控,,10.84,10.4,10.59,-0.19,-1.7941,2208600,23300133.0
2021-01-27,'300643,万通智控,,10.72,10.43,10.73,-0.14,-1.3048,2200000,23294318.0
2021-01-26,'300643,万通智控,,11.25,10.99,10.59,0.14,1.322,3523900,38401390.0
2021-01-25,'300643,万通智控,,11.04,10.9,11.04,-0.45,-4.0761,3104300,33361707.0
2021-01-22,'300643,万通智控,,11.45,11.25,11.33,-0.29,-2.5596,3310100,36897282.0
2021-01-21,'300643,万通智控,,11.68,11.33,11.6,-0.27,-2.3276,4554400,51800285.0
2021-01-20,'300643,万通智控,,12.1,10.93,10.99,0.61,5.5505,6794293,79224410.36
2021-01-19,'300643,万通智控,,11.24,10.96,10.97,0.02,0.1823,3920336,43431180.7
2021-01-18,'300643,万通智控,,11.08,10.58,10.49,0.48,4.5758,4390010,47531738.81
2021-01-15,'300643,万通智控,,10.54,10.05,10.11,0.38,3.7587,3959300,41092298.0
2021-01-14,'300643,万通智控,,10.2,10.16,10.02,0.09,0.8982,2697400,27082906.0
2021-01-13,'300643,万通智控,,10.38,10.31,10.39,-0.37,-3.5611,3946800,39761977.0
2021-01-12,'300643,万通智控,,10.88,10.29,10.37,0.02,0.1929,3073525,32336584.75
2021-01-11,'300643,万通智控,,11.0,10.86,10.93,-0.56,-5.1235,5134825,54209299.5
2021-01-08,'300643,万通智控,,11.22,10.9,10.9,0.03,0.2752,4971076,53724117.09
2021-01-07,'300643,万通智控,,11.64,11.64,11.68,-0.78,-6.6781,5850200,64949454.0
2021-01-06,'300643,万通智控,,12.6,12.6,12.49,-0.81,-6.4852,5884600,70113431.0
2021-01-05,'300643,万通智控,,12.91,12.91,12.88,-0.39,-3.028,4057700,50991521.0
2021-01-04,'300643,万通智控,,13.08,12.76,12.7,0.18,1.4173,2486300,32083327.0
2020-12-31,'300643,万通智控,,13.0,12.8,12.73,-0.03,-0.2357,2395000,30649610.0
2020-12-30,'300643,万通智控,,12.85,12.66,12.76,-0.03,-0.2351,1934800,24623853.0
2020-12-29,'300643,万通智控,,13.1,13.1,12.76,0.0,0.0,1814500,23265055.0
2020-12-28,'300643,万通智控,,13.3,13.3,13.11,-0.35,-2.6697,2696800,34622076.0
2020-12-25,'300643,万通智控,,13.35,12.44,12.49,0.62,4.964,4163500,54162408.0
2020-12-24,'300643,万通智控,,13.47,13.3,13.29,-0.8,-6.0196,4846993,62074900.35
2020-12-23,'300643,万通智控,,13.79,13.47,13.5,-0.21,-1.5556,2936000,39566905.0
2020-12-22,'300643,万通智控,,14.17,14.17,14.18,-0.68,-4.7955,3726493,51317351.91
2020-12-21,'300643,万通智控,,14.35,13.85,13.79,0.39,2.8281,3882525,54619216.0
2020-12-18,'300643,万通智控,,13.98,13.71,13.86,-0.07,-0.5051,2766400,38335330.0
2020-12-17,'300643,万通智控,,13.9,13.68,13.56,0.3,2.2124,3372425,46029033.74
2020-12-16,'300643,万通智控,,13.9,13.9,13.86,-0.3,-2.1645,2476193,33632391.43
2020-12-15,'300643,万通智控,,13.89,13.62,13.6,0.26,1.9118,2726593,37539153.08
2020-12-14,'300643,万通智控,,13.64,13.18,13.31,0.29,2.1788,2561700,34500287.0
2020-12-11,'300643,万通智控,,13.9,13.67,13.68,-0.37,-2.7047,2998711,40187557.95
2020-12-10,'300643,万通智控,,13.78,13.51,13.63,0.05,0.3668,2541800,34636581.0
2020-12-09,'300643,万通智控,,14.3,14.26,14.26,-0.63,-4.418,4214488,58534122.0
2020-12-08,'300643,万通智控,,14.45,14.1,14.07,0.19,1.3504,3825800,54642362.0
2020-12-07,'300643,万通智控,,14.48,14.48,14.4,-0.33,-2.2917,3125100,44367286.0
2020-12-04,'300643,万通智控,,14.8,14.65,14.78,-0.38,-2.571,4400293,63724580.57
2020-12-03,'300643,万通智控,,14.96,14.73,14.75,0.03,0.2034,5215800,76389733.0
2020-12-02,'300643,万通智控,,14.98,14.89,15.0,-0.25,-1.6667,3957500,58633635.0
2020-12-01,'300643,万通智控,,15.14,14.84,14.58,0.42,2.8807,5566300,83015656.0
2020-11-30,'300643,万通智控,,15.15,15.13,14.99,-0.41,-2.7352,5746100,84728463.0
2020-11-27,'300643,万通智控,,15.26,15.12,15.1,-0.11,-0.7285,5579388,83491316.36
2020-11-26,'300643,万通智控,,15.95,15.95,15.95,-0.85,-5.3292,8838400,135103707.0
2020-11-25,'300643,万通智控,,16.54,16.44,16.53,-0.58,-3.5088,8248400,133748090.0
2020-11-24,'300643,万通智控,,16.88,16.45,16.56,-0.03,-0.1812,10276400,169535377.22
2020-11-23,'300643,万通智控,,17.0,16.31,16.62,-0.06,-0.361,16739977,276165972.24
2020-11-20,'300643,万通智控,,17.28,14.85,14.75,1.87,12.678,22070181,358270178.92
2020-11-19,'300643,万通智控,,15.4,15.4,15.24,-0.49,-3.2152,5690000,84839900.0
2020-11-18,'300643,万通智控,,15.69,15.42,15.54,-0.3,-1.9305,5704800,87087210.39
2020-11-17,'300643,万通智控,,15.83,14.97,15.03,0.51,3.3932,8850461,136114886.74
2020-11-16,'300643,万通智控,,15.09,14.65,14.74,0.29,1.9674,6764993,98809094.92
2020-11-13,'300643,万通智控,,14.99,14.71,14.63,0.11,0.7519,4821700,71126163.0
2020-11-12,'300643,万通智控,,15.32,15.15,15.1,-0.47,-3.1126,7512000,111743953.0
2020-11-11,'300643,万通智控,,16.03,15.89,15.9,-0.8,-5.0314,8880307,136164631.36
2020-11-10,'300643,万通智控,,16.9,16.82,16.88,-0.98,-5.8057,11461100,185727920.0
2020-11-09,'300643,万通智控,,17.12,16.73,16.55,0.33,1.994,13343393,224197499.7
2020-11-06,'300643,万通智控,,17.6,17.31,17.66,-1.11,-6.2854,18293620,307691508.85
2020-11-05,'300643,万通智控,,17.95,17.19,17.48,0.18,1.0297,24234020,424900969.3
2020-11-04,'300643,万通智控,,19.08,15.76,15.9,1.58,9.9371,29998522,522636738.47
2020-11-03,'300643,万通智控,,16.31,16.05,16.3,-0.4,-2.454,12996193,205881540.38
2020-11-02,'300643,万通智控,,16.79,15.94,15.94,0.36,2.2585,12660308,206591414.92
2020-10-30,'300643,万通智控,,17.3,16.51,16.66,-0.72,-4.3217,16426237,273131041.54
2020-10-29,'300643,万通智控,,17.34,15.89,16.41,0.25,1.5235,18032759,302630877.86
2020-10-28,'300643,万通智控,,16.8,16.1,15.93,0.48,3.0132,13705800,223799868.3
2020-10-27,'300643,万通智控,,16.36,16.03,16.3,-0.37,-2.2699,7814759,124970338.0
2020-10-26,'300643,万通智控,,16.56,15.4,15.64,0.66,4.2199,12730500,203674210.0
2020-10-23,'300643,万通智控,,16.19,16.1,15.92,-0.28,-1.7588,8565500,135009949.0
2020-10-22,'300643,万通智控,,16.27,15.13,15.34,0.58,3.781,11857976,186521409.77
2020-10-21,'300643,万通智控,,16.58,16.09,15.89,-0.55,-3.4613,10363261,163412199.45
2020-10-20,'300643,万通智控,,15.98,15.18,15.21,0.68,4.4707,12555019,197012250.11
2020-10-19,'300643,万通智控,,16.1,15.2,15.57,-0.36,-2.3121,10480961,162026855.49
2020-10-16,'300643,万通智控,,16.2,14.7,15.1,0.47,3.1126,14316777,218503761.86
2020-10-15,'300643,万通智控,,15.88,13.84,13.68,1.42,10.3801,14573731,214709059.33
2020-10-14,'300643,万通智控,,14.1,13.95,13.95,-0.27,-1.9355,4124175,56847866.0
2020-10-13,'300643,万通智控,,14.17,13.65,13.76,0.19,1.3808,5247695,73062487.7
2020-10-12,'300643,万通智控,,13.82,13.2,13.18,0.58,4.4006,4654620,63420477.4
2020-10-09,'300643,万通智控,,13.38,13.01,12.77,0.41,3.2106,2780350,36683903.5
2020-09-30,'300643,万通智控,,13.12,12.98,12.95,-0.18,-1.39,2538400,32581431.0
2020-09-29,'300643,万通智控,,13.2,12.87,12.9,0.05,0.3876,2383000,31098700.0
2020-09-28,'300643,万通智控,,13.32,13.24,13.13,-0.23,-1.7517,3161674,41037989.66
2020-09-25,'300643,万通智控,,13.33,13.25,13.15,-0.02,-0.1521,3270558,43032589.88
2020-09-24,'300643,万通智控,,13.93,13.93,13.92,-0.77,-5.5316,5770500,77314701.0
2020-09-23,'300643,万通智控,,14.16,13.95,13.85,0.07,0.5054,4433575,61752607.5
2020-09-22,'300643,万通智控,,14.33,14.2,14.36,-0.51,-3.5515,4546900,63863449.0
2020-09-21,'300643,万通智控,,14.86,14.75,14.7,-0.34,-2.3129,5262875,76268733.25
2020-09-18,'300643,万通智控,,14.88,14.78,14.85,-0.15,-1.0101,5640275,82323029.75
2020-09-17,'300643,万通智控,,15.06,14.58,14.69,0.16,1.0892,5229661,77700771.41
2020-09-16,'300643,万通智控,,15.19,14.8,14.86,-0.17,-1.144,5138800,76015238.0
2020-09-15,'300643,万通智控,,15.46,15.0,15.07,-0.21,-1.3935,6648000,100784437.4
2020-09-14,'300643,万通智控,,15.19,14.66,14.52,0.55,3.7879,6879650,102546168.74
2020-09-11,'300643,万通智控,,14.88,14.2,14.57,-0.05,-0.3432,7183117,103935927.14
2020-09-10,'300643,万通智控,,17.29,16.99,17.08,-2.51,-14.6956,15279689,238683762.2
2020-09-09,'300643,万通智控,,18.5,16.96,17.4,-0.32,-1.8391,22802835,404178477.43
2020-09-08,'300643,万通智控,,17.5,16.45,16.53,0.87,5.2632,18052037,307728390.46
2020-09-07,'300643,万通智控,,17.2,16.29,16.37,0.16,0.9774,13209107,221370161.89
2020-09-04,'300643,万通智控,,16.58,15.66,16.02,0.35,2.1848,9856430,159143579.44
2020-09-03,'300643,万通智控,,17.0,17.0,17.09,-1.07,-6.261,13039995,215248994.56
2020-09-02,'300643,万通智控,,17.55,16.42,16.39,0.7,4.2709,20035850,337521856.22
2020-09-01,'300643,万通智控,,16.47,15.95,16.2,0.19,1.1728,11352777,184474993.02
2020-08-31,'300643,万通智控,,16.37,15.9,15.9,0.3,1.8868,12948953,205593900.51
2020-08-28,'300643,万通智控,,16.5,16.0,16.92,-1.02,-6.0284,16854317,270090319.84
2020-08-27,'300643,万通智控,,16.92,14.6,14.59,2.33,15.9698,20250529,322189303.98
2020-08-26,'300643,万通智控,,15.68,15.6,15.79,-1.2,-7.5997,9825470,147318316.5
2020-08-25,'300643,万通智控,,16.1,15.22,15.21,0.58,3.8133,13201763,205854621.8
2020-08-24,'300643,万通智控,,15.6,14.45,14.36,0.85,5.9192,10287158,156157696.06
2020-08-21,'300643,万通智控,,14.72,14.36,14.34,0.02,0.1395,2195461,31731071.3
2020-08-20,'300643,万通智控,,14.54,14.32,14.44,-0.1,-0.6925,2522308,36308683.24
2020-08-19,'300643,万通智控,,15.0,15.0,15.06,-0.62,-4.1169,4625315,67704798.38
2020-08-18,'300643,万通智控,,15.24,15.0,14.93,0.13,0.8707,5554059,83525237.08
2020-08-17,'300643,万通智控,,15.05,14.97,14.85,0.08,0.5387,4395200,65330943.0
2020-08-14,'300643,万通智控,,15.0,14.88,14.98,-0.13,-0.8678,4440408,65606128.34
2020-08-13,'300643,万通智控,,15.36,15.14,15.16,-0.18,-1.1873,6023514,90478753.91
2020-08-12,'300643,万通智控,,15.19,14.57,14.56,0.6,4.1209,6742123,98588624.22
2020-08-11,'300643,万通智控,,14.98,14.51,14.55,0.01,0.0687,8023579,117931455.79
2020-08-10,'300643,万通智控,,14.57,14.0,14.1,0.45,3.1915,6618200,94928577.97
2020-08-07,'300643,万通智控,,14.12,13.86,13.91,0.19,1.3659,4342777,59826438.88
2020-08-06,'300643,万通智控,,14.28,14.15,14.15,-0.24,-1.6961,3800539,52984341.49
2020-08-05,'300643,万通智控,,14.25,14.25,14.19,-0.04,-0.2819,2968961,41927361.88
2020-08-04,'300643,万通智控,,14.42,14.42,14.38,-0.19,-1.3213,3640237,51629276.46
2020-08-03,'300643,万通智控,,14.41,14.0,13.95,0.43,3.0824,3736561,53226669.25
2020-07-31,'300643,万通智控,,14.03,13.89,13.8,0.15,1.087,2743313,38072435.92
2020-07-30,'300643,万通智控,,14.22,14.04,14.09,-0.29,-2.0582,2991068,41644784.45
2020-07-29,'300643,万通智控,,14.1,13.7,13.75,0.34,2.4727,3131936,43404008.46
2020-07-28,'300643,万通智控,,14.07,13.53,13.51,0.24,1.7765,3028100,41754170.22
2020-07-27,'300643,万通智控,,14.07,13.8,13.81,-0.3,-2.1723,3222977,43887136.05
2020-07-24,'300643,万通智控,,14.75,14.43,14.47,-0.66,-4.5612,4590077,65272597.82
2020-07-23,'300643,万通智控,,14.81,14.65,14.82,-0.35,-2.3617,4714318,68031433.96
2020-07-22,'300643,万通智控,,15.0,14.59,14.64,0.18,1.2295,5213723,77039231.1
2020-07-21,'300643,万通智控,,14.94,14.75,14.77,-0.13,-0.8802,3439175,50496042.5
2020-07-20,'300643,万通智控,,14.77,14.51,14.37,0.4,2.7836,4105262,59888832.44
2020-07-17,'300643,万通智控,,15.04,14.8,14.78,-0.41,-2.774,6204900,90044187.44
2020-07-16,'300643,万通智控,,15.87,15.58,15.91,-1.13,-7.1025,9221289,141711139.42
2020-07-15,'300643,万通智控,,17.1,16.05,15.94,-0.03,-0.1882,15328744,252177928.12
2020-07-14,'300643,万通智控,,16.42,16.16,16.09,-0.15,-0.9323,8204569,130967648.84
2020-07-13,'300643,万通智控,,16.25,15.77,15.7,0.39,2.4841,9301297,149165559.02
2020-07-10,'300643,万通智控,,16.4,16.11,16.13,-0.43,-2.6658,10239974,163804654.11
2020-07-09,'300643,万通智控,,16.27,15.8,15.83,0.3,1.8951,11602267,185860114.06
2020-07-08,'300643,万通智控,,15.86,15.33,15.31,0.52,3.3965,10854826,168987911.36
2020-07-07,'300643,万通智控,,15.63,15.3,15.23,0.08,0.5253,12793883,195981047.58
2020-07-06,'300643,万通智控,,15.25,14.8,14.65,0.58,3.959,11249400,167628109.61
2020-07-03,'300643,万通智控,,14.66,14.26,14.2,0.45,3.169,7273393,104973107.97
2020-07-02,'300643,万通智控,,14.24,14.1,14.09,0.11,0.7807,3816100,53898518.0
2020-07-01,'300643,万通智控,,14.34,14.26,14.13,-0.04,-0.2831,3527900,49771673.0
2020-06-30,'300643,万通智控,,14.21,13.91,13.8,0.33,2.3913,3390467,47707453.66
2020-06-29,'300643,万通智控,,14.0,13.7,13.85,-0.05,-0.361,2733807,37737785.85
2020-06-24,'300643,万通智控,,14.1,14.01,14.0,-0.15,-1.0714,2911700,40475400.0
2020-06-23,'300643,万通智控,,14.35,14.33,14.41,-0.41,-2.8452,4032700,56747927.0
2020-06-22,'300643,万通智控,,14.45,14.26,14.3,0.11,0.7692,3899200,55932220.0
2020-06-19,'300643,万通智控,,14.38,14.27,14.12,0.18,1.2748,4221808,60246598.19
2020-06-18,'300643,万通智控,,14.3,14.05,14.1,0.02,0.1418,3364315,47420205.46
2020-06-17,'300643,万通智控,,14.11,14.1,14.04,0.06,0.4274,3722600,51907396.0
2020-06-16,'300643,万通智控,,14.12,13.99,13.76,0.28,2.0349,4632855,64722356.2
2020-06-15,'300643,万通智控,,14.4,14.26,14.35,-0.59,-4.1115,5924188,83597494.68
2020-06-12,'300643,万通智控,,14.59,14.13,14.8,-0.45,-3.0405,5078580,73054437.0
2020-06-11,'300643,万通智控,,15.19,14.61,14.61,0.19,1.3005,6886775,102804774.25
2020-06-10,'300643,万通智控,,14.95,14.92,15.0,-0.39,-2.6,3904600,57382864.0
2020-06-09,'300643,万通智控,,15.15,14.76,14.75,0.25,1.6949,5437542,80908279.68
2020-06-08,'300643,万通智控,,15.53,15.36,15.19,-0.44,-2.8966,7211850,107805653.81
2020-06-05,'300643,万通智控,,16.08,15.62,15.45,-0.26,-1.6828,13168700,202982760.33
2020-06-04,'300643,万通智控,,15.45,14.85,14.78,0.67,4.5332,11139800,168462968.0
2020-06-03,'300643,万通智控,,15.43,15.43,15.21,-0.43,-2.8271,7120712,106388217.94
2020-06-02,'300643,万通智控,,15.38,15.11,15.1,0.11,0.7285,9274979,140770835.37
2020-06-01,'300643,万通智控,,15.16,14.11,14.07,1.03,7.3205,8032285,118406958.84
2020-05-29,'300643,万通智控,,14.54,14.51,14.35,-0.28,-1.9512,4229575,60179279.25
2020-05-28,'300643,万通智控,,15.03,14.92,14.84,-0.49,-3.3019,5024900,72729358.0
2020-05-27,'300643,万通智控,,15.15,14.8,14.86,0.02,0.1346,7105262,105717967.3
2020-05-26,'300643,万通智控,,14.87,14.0,13.97,0.89,6.3708,7109050,103836967.66
2020-05-25,'300643,万通智控,,14.14,14.1,14.09,-0.12,-0.8517,3627701,50505744.22
2020-05-22,'300643,万通智控,,14.8,14.6,14.66,-0.57,-3.8881,4706200,67369049.5
2020-05-21,'300643,万通智控,,15.08,14.9,14.83,-0.17,-1.1463,5078093,74705757.19
2020-05-20,'300643,万通智控,,15.12,15.08,15.17,-0.34,-2.2413,5956712,88799219.32
2020-05-19,'300643,万通智控,,15.17,14.95,14.86,0.31,2.0861,6070412,91384213.96
2020-05-18,'300643,万通智控,,15.39,14.93,14.94,-0.08,-0.5355,7698951,116062288.14
2020-05-15,'300643,万通智控,,15.48,15.17,15.09,-0.15,-0.994,8299400,125704829.0
2020-05-14,'300643,万通智控,,15.4,15.35,15.51,-0.42,-2.7079,9218270,140191793.9
2020-05-13,'300643,万通智控,,15.78,15.7,16.09,-0.58,-3.6047,15460003,238112900.4
2020-05-12,'300643,万通智控,,16.45,15.33,15.32,0.77,5.0261,31968780,505539972.4
2020-05-11,'300643,万通智控,,15.32,13.92,13.93,1.39,9.9785,17850325,270832659.5
2020-05-08,'300643,万通智控,,14.05,13.57,13.57,0.36,2.6529,5492700,76145504.0
2020-05-07,'300643,万通智控,,13.84,13.66,13.59,-0.02,-0.1472,4202200,57365369.0
2020-05-06,'300643,万通智控,,13.63,13.29,13.28,0.31,2.3343,4650835,62506202.85
2020-04-30,'300643,万通智控,,13.41,13.01,12.88,0.4,3.1056,5575100,73783740.6
2020-04-29,'300643,万通智控,,12.96,12.57,12.63,0.25,1.9794,5290200,67706937.0
2020-04-28,'300643,万通智控,,13.33,13.29,13.34,-0.71,-5.3223,7200688,90316340.44
2020-04-27,'300643,万通智控,,14.02,13.85,13.85,-0.51,-3.6823,4322300,58476822.12
2020-04-24,'300643,万通智控,,14.67,14.36,14.51,-0.66,-4.5486,5390970,76274218.6
2020-04-23,'300643,万通智控,,14.92,14.76,14.81,-0.3,-2.0257,6213700,90888031.0
2020-04-22,'300643,万通智控,,14.9,14.7,14.93,-0.12,-0.8038,5291752,77859155.83
2020-04-21,'300643,万通智控,,15.12,15.12,15.44,-0.51,-3.3031,8055000,119948573.0
2020-04-20,'300643,万通智控,,15.7,14.83,14.62,0.82,5.6088,14005745,212330560.5
2020-04-17,'300643,万通智控,,15.08,14.61,14.47,0.15,1.0366,8616020,126493592.0
2020-04-16,'300643,万通智控,,14.68,14.53,14.61,-0.14,-0.9582,5189200,75216467.0
2020-04-15,'300643,万通智控,,14.95,14.38,14.35,0.26,1.8118,9989064,146319371.32
2020-04-14,'300643,万通智控,,14.35,13.83,13.65,0.7,5.1282,5905419,83388174.29
2020-04-13,'300643,万通智控,,14.43,13.92,14.02,-0.37,-2.6391,3727475,51301714.75
2020-04-10,'300643,万通智控,,15.26,15.03,14.84,-0.82,-5.5256,8677175,125888275.75
2020-04-09,'300643,万通智控,,15.1,15.01,14.95,-0.11,-0.7358,5410190,80544489.25
2020-04-08,'300643,万通智控,,15.06,14.99,14.91,0.04,0.2683,5800100,86336389.0
2020-04-07,'300643,万通智控,,15.19,14.42,14.2,0.71,5.0,9460447,139516237.85
2020-04-03,'300643,万通智控,,14.9,14.71,14.64,-0.44,-3.0055,6346100,91526101.0
2020-04-02,'300643,万通智控,,14.75,13.93,14.37,0.27,1.8789,9357288,134102294.48
2020-04-01,'300643,万通智控,,15.21,14.13,13.83,0.54,3.9046,13574788,199756046.48
2020-03-31,'300643,万通智控,,14.5,13.85,13.71,0.12,0.8753,4550500,63214187.0
2020-03-30,'300643,万通智控,,14.06,14.03,14.25,-0.54,-3.7895,4462400,60878614.0
2020-03-27,'300643,万通智控,,14.99,14.98,14.63,-0.38,-2.5974,4328900,62739637.0
2020-03-26,'300643,万通智控,,14.96,14.8,15.09,-0.46,-3.0484,4794300,70745640.0
2020-03-25,'300643,万通智控,,15.6,15.0,14.65,0.44,3.0034,7989088,120527290.84
2020-03-24,'300643,万通智控,,14.76,14.41,14.18,0.47,3.3145,4555000,65906200.0
2020-03-23,'300643,万通智控,,14.92,14.25,14.8,-0.62,-4.1892,5003800,71166614.0
2020-03-20,'300643,万通智控,,15.15,15.05,14.92,-0.12,-0.8043,3900400,57925662.0
2020-03-19,'300643,万通智控,,14.96,14.25,14.29,0.63,4.4087,6398888,93735883.36
2020-03-18,'300643,万通智控,,15.14,14.85,14.79,-0.5,-3.3807,6079100,89567436.0
2020-03-17,'300643,万通智控,,14.9,14.62,14.53,0.26,1.7894,5872260,85762273.6
2020-03-16,'300643,万通智控,,15.85,15.79,15.56,-1.03,-6.6195,6673220,100525534.8
2020-03-13,'300643,万通智控,,15.78,15.41,16.25,-0.69,-4.2462,8459000,129381442.2
2020-03-12,'300643,万通智控,,16.39,16.1,16.45,-0.2,-1.2158,5440790,88035210.36
2020-03-11,'300643,万通智控,,17.12,17.0,16.95,-0.5,-2.9499,7040081,118544616.76
2020-03-10,'300643,万通智控,,16.95,15.81,16.13,0.82,5.0837,8838660,145378178.2
2020-03-09,'300643,万通智控,,17.07,16.74,17.57,-1.44,-8.1958,10060854,167181674.77
2020-03-06,'300643,万通智控,,18.17,17.33,17.79,-0.22,-1.2366,13932710,246914151.5
2020-03-05,'300643,万通智控,,18.35,17.28,17.38,0.41,2.359,15205311,266729955.3
2020-03-04,'300643,万通智控,,17.71,16.31,16.62,0.76,4.5728,13207226,226133755.1
2020-03-03,'300643,万通智控,,17.1,16.51,16.44,0.18,1.0949,9671300,162084101.0
2020-03-02,'300643,万通智控,,16.55,16.08,15.89,0.55,3.4613,7536600,122394295.0
2020-02-28,'300643,万通智控,,16.88,16.2,17.16,-1.27,-7.4009,10109653,163891732.66
2020-02-27,'300643,万通智控,,17.87,17.68,17.66,-0.5,-2.8313,9078753,157652345.83
2020-02-26,'300643,万通智控,,18.6,18.26,18.93,-1.27,-6.7089,12430784,225029442.99
2020-02-25,'300643,万通智控,,18.98,18.65,19.7,-0.77,-3.9086,20714412,383744582.23
2020-02-24,'300643,万通智控,,20.41,20.41,20.41,-0.71,-3.4787,26088393,516173636.26
2020-02-21,'300643,万通智控,,20.41,18.6,18.55,1.86,10.027,21181998,418367623.92
2020-02-20,'300643,万通智控,,18.6,18.13,18.19,0.36,1.9791,11717220,214064562.0
2020-02-19,'300643,万通智控,,19.36,19.35,19.25,-1.06,-5.5065,14674260,273499188.64
2020-02-18,'300643,万通智控,,19.45,18.79,18.69,0.56,2.9963,17812928,339542446.1
2020-02-17,'300643,万通智控,,18.88,17.91,17.9,0.79,4.4134,15338785,283381585.35
2020-02-14,'300643,万通智控,,18.8,18.34,18.43,-0.53,-2.8757,14959300,269780317.06
2020-02-13,'300643,万通智控,,18.73,18.57,18.81,-0.38,-2.0202,11361419,208453382.7
2020-02-12,'300643,万通智控,,18.97,18.05,18.4,0.41,2.2283,13045519,242511150.87
2020-02-11,'300643,万通智控,,19.41,18.92,19.1,-0.7,-3.6649,15316207,283812912.9
2020-02-10,'300643,万通智控,,19.2,18.34,18.52,0.58,3.1317,15829985,296635082.21
2020-02-07,'300643,万通智控,,18.66,18.17,18.34,0.18,0.9815,15172253,277167023.01
2020-02-06,'300643,万通智控,,18.78,17.47,17.75,0.59,3.3239,17560445,319274063.79
2020-02-05,'300643,万通智控,,18.5,17.51,17.47,0.28,1.6027,16946740,302257042.8
2020-02-04,'300643,万通智控,,17.78,16.13,17.15,0.32,1.8659,17584480,299666888.94
2020-02-03,'300643,万通智控,,17.15,17.15,19.05,-1.9,-9.9738,1665400,28561610.0
2020-01-23,'300643,万通智控,,20.88,20.61,20.82,-1.77,-8.5014,17907083,350378359.34
2020-01-22,'300643,万通智控,,21.11,20.59,20.8,0.02,0.0962,10945800,227698308.0
2020-01-21,'300643,万通智控,,21.35,21.33,21.29,-0.49,-2.3016,12430802,259101265.57
2020-01-20,'300643,万通智控,,21.8,21.11,22.78,-1.49,-6.5408,19667793,415538804.82
2020-01-17,'300643,万通智控,,26.3,25.98,25.31,-2.53,-9.996,32094024,767643541.13
2020-01-16,'300643,万通智控,,25.31,22.0,23.01,2.3,9.9957,31080258,735790992.57
2020-01-15,'300643,万通智控,,23.98,22.14,21.8,1.21,5.5505,34429234,808852936.62
2020-01-14,'300643,万通智控,,22.91,22.8,21.82,-0.02,-0.0917,16469361,366862967.66
2020-01-13,'300643,万通智控,,21.88,20.46,22.2,-0.38,-1.7117,18734688,397117003.89
2020-01-10,'300643,万通智控,,24.68,23.59,22.99,-0.79,-3.4363,24928788,588388117.16
2020-01-09,'300643,万通智控,,22.99,22.88,22.63,0.36,1.5908,15713377,357837640.43
2020-01-08,'300643,万通智控,,22.98,22.34,22.8,-0.17,-0.7456,14806684,333585449.56
2020-01-07,'300643,万通智控,,22.94,22.52,22.96,-0.16,-0.6969,19742348,444406195.59
2020-01-06,'300643,万通智控,,25.6,25.5,25.47,-2.51,-9.8547,34768888,808772457.7
2020-01-03,'300643,万通智控,,25.47,23.02,23.15,2.32,10.0216,25660767,626669484.61
2020-01-02,'300643,万通智控,,24.04,22.32,22.2,0.95,4.2793,26192891,606452373.36
2019-12-31,'300643,万通智控,,22.65,22.19,22.14,0.06,0.271,17880365,398977520.96
2019-12-30,'300643,万通智控,,24.11,24.07,24.6,-2.46,-10.0,25193858,564146606.46
2019-12-27,'300643,万通智控,,25.5,24.57,24.45,0.15,0.6135,27139074,671439511.01
2019-12-26,'300643,万通智控,,25.19,24.9,25.7,-1.25,-4.8638,30404904,742442211.67
2019-12-25,'300643,万通智控,,26.27,25.0,25.61,0.09,0.3514,25499529,655421726.15
2019-12-24,'300643,万通智控,,26.2,25.77,25.98,-0.37,-1.4242,25465312,641258105.33
2019-12-23,'300643,万通智控,,25.98,24.97,26.0,-0.02,-0.0769,26910632,673526720.06
2019-12-20,'300643,万通智控,,27.3,27.14,26.7,-0.7,-2.6217,34685509,915867074.69
2019-12-19,'300643,万通智控,,28.35,27.71,27.98,-1.28,-4.5747,38013929,1020327853.44
2019-12-18,'300643,万通智控,,27.98,26.99,25.44,2.54,9.9843,40259325,1113380283.17
2019-12-17,'300643,万通智控,,25.44,25.44,23.13,2.31,9.987,22635486,575229495.19
2019-12-16,'300643,万通智控,,23.13,21.85,21.03,2.1,9.9857,11895793,268936902.0
2019-12-13,'300643,万通智控,,21.88,20.25,20.02,1.01,5.045,42439963,890830944.5
2019-12-12,'300643,万通智控,,20.44,19.79,21.14,-1.12,-5.298,38125682,754966459.93
2019-12-11,'300643,万通智控,,22.36,19.55,20.33,0.81,3.9843,49618336,1009944166.14
2019-12-10,'300643,万通智控,,21.36,19.4,19.6,0.73,3.7245,46974888,934083606.5
2019-12-09,'300643,万通智控,,20.59,19.53,18.89,0.71,3.7586,43190122,851566243.34
2019-12-06,'300643,万通智控,,18.89,18.0,17.17,1.72,10.0175,47202299,866905996.97
2019-12-05,'300643,万通智控,,17.17,16.94,15.61,1.56,9.9936,14100822,238763992.81
2019-12-04,'300643,万通智控,,15.61,15.18,14.19,1.42,10.007,12177245,187077751.3
2019-12-03,'300643,万通智控,,14.19,12.59,12.9,1.29,10.0,22897056,308023604.59
2019-12-02,'300643,万通智控,,12.9,12.28,11.73,1.17,9.9744,23072019,283901865.55
2019-11-29,'300643,万通智控,,11.73,10.63,10.66,1.07,10.0375,15781985,177656062.74
2019-11-28,'300643,万通智控,,10.96,10.83,10.89,-0.23,-2.112,7928402,84643983.43
2019-11-27,'300643,万通智控,,11.15,10.77,10.87,0.02,0.184,9591668,104353838.42
2019-11-26,'300643,万通智控,,11.16,10.99,11.29,-0.42,-3.7201,12963256,141359408.9
2019-11-25,'300643,万通智控,,11.96,11.24,11.18,0.11,0.9839,18293622,209084846.33
2019-11-22,'300643,万通智控,,11.78,10.82,10.88,0.3,2.7574,18687303,210220131.98
2019-11-21,'300643,万通智控,,11.36,10.21,10.35,0.53,5.1208,18415165,199651928.85
2019-11-20,'300643,万通智控,,10.78,10.41,10.5,-0.15,-1.4286,11337893,118691270.41
2019-11-19,'300643,万通智控,,10.67,10.23,10.25,0.25,2.439,13682559,141513705.65
2019-11-18,'300643,万通智控,,10.38,10.09,9.9,0.35,3.5354,11313900,115006234.0
2019-11-15,'300643,万通智控,,10.38,10.23,10.42,-0.52,-4.9904,14729775,149054712.21
2019-11-14,'300643,万通智控,,10.68,10.38,10.72,-0.3,-2.7985,18261624,189861541.3
2019-11-13,'300643,万通智控,,10.86,10.37,10.09,0.63,6.2438,25818453,272703818.58
2019-11-12,'300643,万通智控,,10.77,10.18,10.46,-0.37,-3.5373,27327754,281786339.27
2019-11-11,'300643,万通智控,,10.46,9.35,9.51,0.95,9.9895,29531283,299734905.22
2019-11-08,'300643,万通智控,,10.08,9.2,9.16,0.35,3.821,18159306,176403046.93
2019-11-07,'300643,万通智控,,9.28,8.82,8.88,0.28,3.1532,4350798,39583594.51
2019-11-06,'300643,万通智控,,9.06,8.9,8.9,-0.02,-0.2247,2002693,17875653.91
2019-11-05,'300643,万通智控,,9.35,8.7,8.72,0.18,2.0642,2325491,20870534.44
2019-11-04,'300643,万通智控,,8.82,8.72,8.7,0.02,0.2299,875125,7663594.16
2019-11-01,'300643,万通智控,,8.72,8.56,8.55,0.15,1.7544,1010825,8753946.36
2019-10-31,'300643,万通智控,,8.79,8.79,8.7,-0.15,-1.7241,1078722,9317056.08
2019-10-30,'300643,万通智控,,8.96,8.95,8.99,-0.29,-3.2258,2090800,18372677.0
2019-10-29,'300643,万通智控,,9.24,9.21,9.24,-0.25,-2.7056,2023922,18410583.96
2019-10-28,'300643,万通智控,,9.35,9.06,9.1,0.14,1.5385,3186349,29321196.12
2019-10-25,'300643,万通智控,,9.15,8.98,9.03,0.07,0.7752,1525700,13859131.0
2019-10-24,'300643,万通智控,,9.1,8.98,8.98,0.05,0.5568,1351593,12163131.79
2019-10-23,'300643,万通智控,,9.09,9.06,9.06,-0.08,-0.883,968200,8720638.0
2019-10-22,'300643,万通智控,,9.12,8.96,9.03,0.03,0.3322,1728400,15589348.0
2019-10-21,'300643,万通智控,,9.2,9.08,8.87,0.16,1.8038,2524048,22736304.08
2019-10-18,'300643,万通智控,,9.09,9.08,9.05,-0.18,-1.989,2514959,22474460.15
2019-10-17,'300643,万通智控,,9.23,9.08,9.11,-0.06,-0.6586,1878700,17086785.0
2019-10-16,'300643,万通智控,,9.4,9.36,9.4,-0.29,-3.0851,3085600,28445664.0
2019-10-15,'300643,万通智控,,9.53,9.42,9.72,-0.32,-3.2922,5227830,48961979.7
2019-10-14,'300643,万通智控,,9.83,9.63,9.61,0.11,1.1446,5870759,56849527.27
2019-10-11,'300643,万通智控,,9.75,9.48,9.49,0.12,1.2645,7470498,71898961.11
2019-10-10,'300643,万通智控,,9.6,9.5,9.57,-0.08,-0.8359,6476900,61279610.0
2019-10-09,'300643,万通智控,,9.82,9.11,9.21,0.36,3.9088,8417028,80471967.96
2019-10-08,'300643,万通智控,,9.43,8.95,8.84,0.37,4.1855,4011159,36985050.65
2019-09-30,'300643,万通智控,,9.13,9.01,9.07,-0.23,-2.5358,1592500,14299074.0
2019-09-27,'300643,万通智控,,9.15,8.68,8.88,0.19,2.1396,2526800,22748396.0
2019-09-26,'300643,万通智控,,9.58,9.13,9.06,-0.18,-1.9868,3352300,30683402.0
2019-09-25,'300643,万通智控,,9.3,9.23,9.3,-0.24,-2.5806,2244281,20453801.19
2019-09-24,'300643,万通智控,,9.34,9.25,9.28,0.02,0.2155,2124081,19691062.87
2019-09-23,'300643,万通智控,,9.32,9.2,9.2,0.08,0.8696,2022260,18628164.79
2019-09-20,'300643,万通智控,,9.39,9.35,9.34,-0.14,-1.4989,2396900,22209074.0
2019-09-19,'300643,万通智控,,9.45,9.15,9.15,0.19,2.0765,3347400,30947283.0
2019-09-18,'300643,万通智控,,9.21,9.04,9.03,0.12,1.3289,1730900,15723496.67
2019-09-17,'300643,万通智控,,9.32,9.25,9.23,-0.2,-2.1668,2655609,24221267.89
2019-09-16,'300643,万通智控,,9.31,9.14,9.13,0.1,1.0953,2673693,24675569.93
2019-09-12,'300643,万通智控,,9.22,9.19,9.2,-0.07,-0.7609,2963564,26968958.48
2019-09-11,'300643,万通智控,,9.69,9.08,9.07,0.13,1.4333,5352393,49871346.53
2019-09-10,'300643,万通智控,,9.09,9.09,9.09,-0.02,-0.22,2031636,18337532.72
2019-09-09,'300643,万通智控,,9.13,8.95,8.88,0.21,2.3649,2774918,24986981.93
2019-09-06,'300643,万通智控,,8.95,8.88,8.85,0.03,0.339,1822569,16188952.72
2019-09-05,'300643,万通智控,,8.97,8.82,8.8,0.05,0.5682,3040333,27007914.11
2019-09-04,'300643,万通智控,,8.84,8.7,8.75,0.05,0.5714,1979200,17368840.0
2019-09-03,'300643,万通智控,,8.77,8.7,8.69,0.06,0.6904,1743928,15181054.6
2019-09-02,'300643,万通智控,,8.71,8.46,8.52,0.17,1.9953,2086523,18023233.9
2019-08-30,'300643,万通智控,,8.82,8.8,8.76,-0.24,-2.7397,2732312,23548728.76
2019-08-29,'300643,万通智控,,8.84,8.8,8.82,-0.06,-0.6803,2224120,19528671.3
2019-08-28,'300643,万通智控,,9.01,8.95,9.01,-0.19,-2.1088,3774710,33490638.1
2019-08-27,'300643,万通智控,,9.03,8.78,9.03,-0.02,-0.2215,7547688,67232994.56
2019-08-26,'300643,万通智控,,9.45,8.7,8.59,0.44,5.1222,10549657,97280428.75
2019-08-23,'300643,万通智控,,8.72,8.6,8.66,-0.07,-0.8083,1095400,9445793.0
2019-08-22,'300643,万通智控,,8.7,8.61,8.57,0.09,1.0502,1427700,12342922.0
2019-08-21,'300643,万通智控,,8.66,8.56,8.62,-0.05,-0.58,1161196,9991293.76
2019-08-20,'300643,万通智控,,8.72,8.68,8.59,0.03,0.3492,1975151,17078443.03
2019-08-19,'300643,万通智控,,8.61,8.39,8.37,0.22,2.6284,1672410,14276428.8
2019-08-16,'300643,万通智控,,8.43,8.34,8.34,0.03,0.3597,1223100,10253722.0
2019-08-15,'300643,万通智控,,8.37,8.1,8.41,-0.07,-0.8323,1376000,11301492.0
2019-08-14,'300643,万通智控,,8.49,8.43,8.31,0.1,1.2034,1467800,12380686.0
2019-08-13,'300643,万通智控,,8.4,8.39,8.49,-0.18,-2.1201,1538700,12803681.0
2019-08-12,'300643,万通智控,,8.49,8.47,8.4,0.09,1.0714,1630200,13656258.0
2019-08-09,'300643,万通智控,,8.68,8.6,8.58,-0.18,-2.0979,1856100,15713173.0
2019-08-08,'300643,万通智控,,8.7,8.58,8.54,0.04,0.4684,1479900,12726909.0
2019-08-07,'300643,万通智控,,8.73,8.64,8.59,-0.05,-0.5821,1701800,14670411.0
2019-08-06,'300643,万通智控,,8.94,8.9,9.09,-0.5,-5.5006,3358000,29110183.79
2019-08-05,'300643,万通智控,,9.26,9.17,9.16,-0.07,-0.7642,3451796,31596545.32
2019-08-02,'300643,万通智控,,9.32,9.31,9.44,-0.28,-2.9661,4215700,38194707.0
2019-08-01,'300643,万通智控,,9.57,9.39,9.45,-0.01,-0.1058,3858900,36536860.0
2019-07-31,'300643,万通智控,,9.59,9.32,9.4,0.05,0.5319,4892221,46364540.24
2019-07-30,'300643,万通智控,,9.61,9.42,9.39,0.01,0.1065,5902200,55695303.0
2019-07-29,'300643,万通智控,,9.44,9.13,9.19,0.2,2.1763,3797121,35311535.51
2019-07-26,'300643,万通智控,,9.2,9.03,9.09,0.1,1.1001,2111621,19232038.05
2019-07-25,'300643,万通智控,,9.17,9.1,9.13,-0.04,-0.4381,1517800,13774594.0
2019-07-24,'300643,万通智控,,9.3,8.93,8.91,0.22,2.4691,2300700,20961245.0
2019-07-23,'300643,万通智控,,8.94,8.82,8.8,0.11,1.25,1400500,12446496.0
2019-07-22,'300643,万通智控,,9.08,9.04,9.04,-0.24,-2.6549,1803726,15919165.8
2019-07-19,'300643,万通智控,,9.19,9.07,9.0,0.04,0.4444,1834100,16685538.0
2019-07-18,'300643,万通智控,,9.23,9.23,9.28,-0.28,-3.0172,2062700,18670714.0
2019-07-17,'300643,万通智控,,9.32,9.23,9.29,-0.01,-0.1076,2266700,20976954.0
2019-07-16,'300643,万通智控,,9.42,9.42,9.45,-0.16,-1.6931,3380391,31383686.83
2019-07-15,'300643,万通智控,,9.47,9.19,9.28,0.17,1.8319,5725380,53498892.9
2019-07-12,'300643,万通智控,,9.34,9.18,9.19,0.09,0.9793,3210100,29529189.15
2019-07-11,'300643,万通智控,,9.24,8.82,8.8,0.39,4.4318,3489559,31582163.29
2019-07-10,'300643,万通智控,,9.0,8.94,8.91,-0.11,-1.2346,1255069,11139757.79
2019-07-09,'300643,万通智控,,8.95,8.89,8.82,0.09,1.0204,1187300,10532869.0
2019-07-08,'300643,万通智控,,9.32,9.32,9.35,-0.53,-5.6684,2882181,25830722.23
2019-07-05,'300643,万通智控,,9.4,9.14,9.13,0.22,2.4096,2226600,20570133.0
2019-07-04,'300643,万通智控,,9.31,9.27,9.28,-0.15,-1.6164,2055019,18824268.75
2019-07-03,'300643,万通智控,,9.43,9.33,9.34,-0.06,-0.6424,2532291,23557541.33
2019-07-02,'300643,万通智控,,9.46,9.29,9.29,0.05,0.5382,2992900,28021408.0
2019-07-01,'300643,万通智控,,9.43,9.27,9.02,0.27,2.9933,2601700,24120351.05
2019-06-28,'300643,万通智控,,9.32,9.26,9.26,-0.24,-2.5918,2329011,21143515.55
2019-06-27,'300643,万通智控,,9.4,9.39,9.32,-0.06,-0.6438,2492800,23167924.0
2019-06-26,'300643,万通智控,,9.45,9.15,9.26,0.06,0.6479,2448611,22810112.19
2019-06-25,'300643,万通智控,,9.35,9.25,9.23,0.03,0.325,3009800,27785150.0
2019-06-24,'300643,万通智控,,9.5,9.43,9.4,-0.17,-1.8085,3774606,35041065.05
2019-06-21,'300643,万通智控,,9.99,9.99,9.08,0.32,3.5242,8334695,79984282.55
2019-06-20,'300643,万通智控,,9.12,8.86,8.93,0.15,1.6797,2836400,25590113.04
2019-06-19,'300643,万通智控,,9.1,9.05,8.81,0.12,1.3621,1917500,17248446.14
2019-06-18,'300643,万通智控,,8.85,8.75,8.78,0.03,0.3417,1234100,10863350.23
2019-06-17,'300643,万通智控,,8.84,8.69,8.71,0.07,0.8037,1150782,10081536.86
2019-06-14,'300643,万通智控,,9.09,9.0,9.06,-0.35,-3.8631,2262695,20041054.55
2019-06-13,'300643,万通智控,,9.11,9.06,9.05,0.01,0.1105,2178293,19667047.72
2019-06-12,'300643,万通智控,,9.07,8.89,8.91,0.14,1.5713,2705803,24159798.86
2019-06-11,'300643,万通智控,,8.97,8.64,8.61,0.3,3.4843,2796693,24680902.47
2019-06-10,'300643,万通智控,,8.68,8.64,8.51,0.1,1.1751,1521900,13087158.0
2019-06-06,'300643,万通智控,,8.94,8.88,8.88,-0.37,-4.1667,2688292,23214730.2
2019-06-05,'300643,万通智控,,8.97,8.85,8.74,0.14,1.6018,2522200,22376610.0
2019-06-04,'300643,万通智控,,8.97,8.89,8.83,-0.09,-1.0193,1725793,15234890.05
2019-06-03,'300643,万通智控,,9.11,9.03,9.02,-0.19,-2.1064,2354392,20918735.0
2019-05-31,'300643,万通智控,,9.13,9.03,9.0,0.02,0.2222,2157900,19480692.0
2019-05-30,'300643,万通智控,,9.13,9.13,9.22,-0.22,-2.3861,3037995,27242735.25
2019-05-29,'300643,万通智控,,9.29,9.19,9.16,0.06,0.655,2958900,27221063.07
2019-05-28,'300643,万通智控,,9.37,9.25,9.26,-0.1,-1.0799,3954825,36514427.27
2019-05-27,'300643,万通智控,,9.35,8.86,9.24,0.08,0.8658,5332488,48478251.6
2019-05-24,'300643,万通智控,,9.48,8.89,9.03,0.21,2.3256,5166500,47679680.0
2019-05-23,'300643,万通智控,,9.31,9.31,9.35,-0.32,-3.4225,3728256,33683004.2
2019-05-22,'300643,万通智控,,9.49,9.1,9.12,0.23,2.5219,5168905,47906847.19
2019-05-21,'300643,万通智控,,9.24,8.9,8.9,0.22,2.4719,3567643,32422641.62
2019-05-20,'300643,万通智控,,8.97,8.68,8.76,0.14,1.5982,3438693,30216689.73
2019-05-17,'300643,万通智控,,9.26,9.09,9.28,-0.52,-5.6034,4883078,44073497.68
2019-05-16,'300643,万通智控,,9.45,9.28,9.2,0.08,0.8696,5623785,52263280.58
2019-05-15,'300643,万通智控,,9.31,9.31,9.21,-0.01,-0.1086,5697658,52326331.03
2019-05-14,'300643,万通智控,,9.5,9.18,9.44,-0.23,-2.4364,7135658,66058203.27
2019-05-13,'300643,万通智控,,9.68,9.4,9.56,-0.12,-1.2552,10031899,93699059.27
2019-05-10,'300643,万通智控,,9.56,8.93,8.69,0.87,10.0115,7259289,67553330.27
2019-05-09,'300643,万通智控,,8.9,8.39,8.53,0.16,1.8757,3045406,26501782.42
2019-05-08,'300643,万通智控,,8.68,8.4,8.51,0.02,0.235,2150451,18313798.57
2019-05-07,'300643,万通智控,,8.57,8.42,8.31,0.2,2.4067,1999186,16894877.82
2019-05-06,'300643,万通智控,,9.01,9.01,9.15,-0.84,-9.1803,2535092,21580152.95
2019-04-30,'300643,万通智控,,9.19,9.0,9.01,0.14,1.5538,1455386,13251129.67
2019-04-29,'300643,万通智控,,9.68,9.53,9.52,-0.51,-5.3571,2521700,23146295.0
2019-04-26,'300643,万通智控,,9.78,9.57,9.57,-0.05,-0.5225,1905499,18299444.54
2019-04-25,'300643,万通智控,,10.2,10.13,10.13,-0.56,-5.5281,3152299,31354442.15
2019-04-24,'300643,万通智控,,10.13,9.98,9.93,0.2,2.0141,2072400,20763549.07
2019-04-23,'300643,万通智控,,10.24,10.2,10.2,-0.27,-2.6471,2681400,26858427.11
2019-04-22,'300643,万通智控,,10.43,10.38,10.43,-0.23,-2.2052,2560216,26297093.9
2019-04-19,'300643,万通智控,,10.55,10.43,10.5,-0.07,-0.6667,3831593,39464926.13
2019-04-18,'300643,万通智控,,10.6,10.47,10.41,0.09,0.8646,4392800,46190366.0
2019-04-17,'300643,万通智控,,10.51,10.27,10.27,0.14,1.3632,3485723,36118721.36
2019-04-16,'300643,万通智控,,10.3,10.17,10.14,0.13,1.2821,3932440,39583849.69
2019-04-15,'300643,万通智控,,10.45,10.28,10.18,-0.04,-0.3929,3307838,34186878.56
2019-04-12,'300643,万通智控,,10.47,10.45,10.42,-0.24,-2.3033,4190041,42831299.71
2019-04-11,'300643,万通智控,,10.8,10.41,10.42,0.0,0.0,4596793,48371467.38
2019-04-10,'300643,万通智控,,10.57,10.4,10.51,-0.09,-0.8563,5039306,52262334.48
2019-04-09,'300643,万通智控,,10.64,10.51,10.52,-0.01,-0.0951,3988500,41950501.0
2019-04-08,'300643,万通智控,,10.85,10.77,10.71,-0.19,-1.774,5752096,61072703.16
2019-04-04,'300643,万通智控,,10.94,10.88,10.66,0.05,0.469,7758538,83525171.62
2019-04-03,'300643,万通智控,,11.53,10.92,10.54,0.12,1.1385,9748333,105770913.83
2019-04-02,'300643,万通智控,,10.65,10.59,10.5,0.04,0.381,4672796,49283878.98
2019-04-01,'300643,万通智控,,10.53,10.28,10.16,0.34,3.3465,5001464,52157607.51
2019-03-29,'300643,万通智控,,10.2,9.81,9.78,0.38,3.8855,4105013,40590490.1
2019-03-28,'300643,万通智控,,10.19,10.01,10.03,-0.25,-2.4925,3186278,31820320.35
2019-03-27,'300643,万通智控,,10.17,10.02,9.99,0.04,0.4004,3579277,35690520.18
2019-03-26,'300643,万通智控,,10.49,10.38,10.31,-0.32,-3.1038,4174191,42838200.71
2019-03-25,'300643,万通智控,,10.5,10.11,10.35,-0.04,-0.3865,3818000,39446758.0
2019-03-22,'300643,万通智控,,10.55,10.45,10.48,-0.13,-1.2405,3892800,40092769.0
2019-03-21,'300643,万通智控,,10.55,10.45,10.41,0.07,0.6724,5009093,52513662.73
2019-03-20,'300643,万通智控,,10.52,10.5,10.43,-0.02,-0.1918,4261093,43922018.95
2019-03-19,'300643,万通智控,,10.65,10.51,10.5,-0.07,-0.6667,4924386,51622480.7
2019-03-18,'300643,万通智控,,10.53,10.18,10.13,0.37,3.6525,6183600,64202068.0
2019-03-15,'300643,万通智控,,10.2,9.92,9.89,0.24,2.4267,4488393,45055665.28
2019-03-14,'300643,万通智控,,10.41,10.41,10.36,-0.47,-4.5367,5234486,51979548.56
2019-03-13,'300643,万通智控,,10.64,10.6,10.64,-0.28,-2.6316,5450700,56634849.0
2019-03-12,'300643,万通智控,,10.7,10.39,10.35,0.29,2.8019,8854111,93298668.59
2019-03-11,'300643,万通智控,,10.42,9.81,9.67,0.68,7.0321,8776410,89312933.7
2019-03-08,'300643,万通智控,,10.29,10.09,10.34,-0.67,-6.4797,7166486,71717181.42
2019-03-07,'300643,万通智控,,10.52,10.03,10.13,0.21,2.0731,9144596,93747311.64
2019-03-06,'300643,万通智控,,10.32,9.9,9.87,0.26,2.6342,9569293,95800652.38
2019-03-05,'300643,万通智控,,9.87,9.62,9.62,0.25,2.5988,6687072,65241242.32
2019-03-04,'300643,万通智控,,9.76,9.53,9.51,0.11,1.1567,6779470,65338922.39
2019-03-01,'300643,万通智控,,9.62,9.62,9.61,-0.1,-1.0406,4102600,38825431.69
2019-02-28,'300643,万通智控,,9.62,9.45,9.48,0.13,1.3713,4513509,42985653.87
2019-02-27,'300643,万通智控,,9.68,9.62,9.58,-0.1,-1.0438,5194900,49532615.0
2019-02-26,'300643,万通智控,,9.84,9.8,9.84,-0.26,-2.6423,8438609,81476547.22
2019-02-25,'300643,万通智控,,9.87,9.49,9.49,0.35,3.6881,10388423,99829335.77
2019-02-22,'300643,万通智控,,9.58,9.06,9.05,0.44,4.8619,8407817,78301677.43
2019-02-21,'300643,万通智控,,9.32,9.15,9.16,-0.11,-1.2009,5808879,53357319.62
2019-02-20,'300643,万通智控,,9.23,9.2,9.3,-0.14,-1.5054,4716179,43054646.02
2019-02-19,'300643,万通智控,,9.49,9.17,9.12,0.18,1.9737,10304282,95141628.48
2019-02-18,'300643,万通智控,,9.14,8.8,8.78,0.34,3.8724,5591134,50460593.49
2019-02-15,'300643,万通智控,,8.91,8.91,8.91,-0.13,-1.459,3673416,32351404.32
2019-02-14,'300643,万通智控,,9.1,8.8,8.79,0.12,1.3652,5157916,45840194.16
2019-02-13,'300643,万通智控,,8.82,8.56,8.6,0.19,2.2093,3190700,27859248.52
2019-02-12,'300643,万通智控,,8.67,8.58,8.51,0.09,1.0576,2191916,18792960.28
2019-02-11,'300643,万通智控,,8.53,8.3,8.25,0.26,3.1515,1914217,16151652.97
2019-02-01,'300643,万通智控,,8.26,7.94,7.91,0.34,4.2984,1700600,13859156.0
2019-01-31,'300643,万通智控,,8.29,8.24,8.19,-0.28,-3.4188,2395940,19364543.71
2019-01-30,'300643,万通智控,,8.42,8.3,8.33,-0.14,-1.6807,1598933,13265961.9
2019-01-29,'300643,万通智控,,8.67,8.51,8.58,-0.25,-2.9138,2852780,23626106.24
2019-01-28,'300643,万通智控,,8.91,8.85,8.79,-0.21,-2.3891,2314100,20197189.07
2019-01-25,'300643,万通智控,,9.01,8.94,8.94,-0.15,-1.6779,2624000,23231244.53
2019-01-24,'300643,万通智控,,9.04,8.86,8.95,-0.01,-0.1117,2814300,25174979.0
2019-01-23,'300643,万通智控,,8.95,8.85,8.84,0.11,1.2443,2410800,21425388.0
2019-01-22,'300643,万通智控,,8.97,8.92,8.92,-0.08,-0.8969,2065200,18310102.0
2019-01-21,'300643,万通智控,,9.04,8.83,8.83,0.09,1.0193,2907618,25939959.66
2019-01-18,'300643,万通智控,,8.89,8.72,8.76,0.07,0.7991,2838318,25004024.86
2019-01-17,'300643,万通智控,,9.08,9.01,9.04,-0.28,-3.0973,4394300,38922886.07
2019-01-16,'300643,万通智控,,9.15,9.1,9.15,-0.11,-1.2022,4100317,37207195.68
2019-01-15,'300643,万通智控,,9.3,9.0,9.03,0.12,1.3289,6106418,55562908.52
2019-01-14,'300643,万通智控,,9.08,8.98,8.98,0.05,0.5568,4316393,38822983.85
2019-01-11,'300643,万通智控,,8.98,8.9,8.93,0.05,0.5599,5276800,46909113.0
2019-01-10,'300643,万通智控,,9.09,8.99,9.1,-0.17,-1.8681,6384618,57286802.64
2019-01-09,'300643,万通智控,,9.48,8.96,8.91,0.19,2.1324,11297118,104353873.65
2019-01-08,'300643,万通智控,,8.98,8.94,8.95,-0.04,-0.4469,5509593,48841935.77
2019-01-07,'300643,万通智控,,8.95,8.84,8.82,0.13,1.4739,6771110,60193779.18
2019-01-04,'300643,万通智控,,8.87,8.56,8.72,0.1,1.1468,8679817,75706904.22
2019-01-03,'300643,万通智控,,9.23,9.12,9.58,-0.86,-8.977,14146171,125328685.65
2019-01-02,'300643,万通智控,,9.87,9.68,10.64,-1.06,-9.9624,5326586,51386043.06
2018-12-28,'300643,万通智控,,11.18,10.37,10.5,0.14,1.3333,12580071,135489047.14
2018-12-27,'300643,万通智控,,10.92,10.6,10.65,-0.15,-1.4085,12554131,133897110.91
2018-12-26,'300643,万通智控,,11.0,10.18,10.32,0.33,3.1977,17937047,190450845.02
2018-12-25,'300643,万通智控,,10.34,10.12,10.4,-0.08,-0.7692,9662700,97479916.0
2018-12-24,'300643,万通智控,,10.43,10.05,10.45,-0.05,-0.4785,11631465,117676761.57
2018-12-21,'300643,万通智控,,10.66,10.1,9.96,0.49,4.9197,16344936,169905077.4
2018-12-20,'300643,万通智控,,10.28,10.22,10.16,-0.2,-1.9685,10898200,109048748.64
2018-12-19,'300643,万通智控,,10.5,10.09,10.11,0.05,0.4946,16186829,165055471.87
2018-12-18,'300643,万通智控,,10.88,10.25,10.16,-0.05,-0.4921,24016049,249206400.36
2018-12-17,'300643,万通智控,,10.16,9.51,9.24,0.92,9.9567,14493977,144735586.0
2018-12-14,'300643,万通智控,,9.89,9.87,9.98,-0.74,-7.4148,11619884,110846083.52
2018-12-13,'300643,万通智控,,10.1,9.47,9.66,0.32,3.3126,17560996,171100486.83
2018-12-12,'300643,万通智控,,10.23,9.7,9.3,0.36,3.871,20170455,199720293.89
2018-12-11,'300643,万通智控,,9.45,9.33,9.27,0.03,0.3236,8991943,83234604.16
2018-12-10,'300643,万通智控,,9.3,9.13,9.46,-0.19,-2.0085,9258543,85005956.59
2018-12-07,'300643,万通智控,,9.88,9.3,9.98,-0.52,-5.2104,19735734,185853504.97
2018-12-06,'300643,万通智控,,10.09,9.98,11.09,-1.11,-10.009,6566343,65541210.28
2018-12-05,'300643,万通智控,,11.65,11.01,10.59,0.5,4.7214,30593669,343458435.4
2018-12-04,'300643,万通智控,,10.59,10.59,9.63,0.96,9.9688,2002100,21202239.0
2018-12-03,'300643,万通智控,,9.63,9.59,8.75,0.88,10.0571,4518079,43484698.77
2018-11-30,'300643,万通智控,,8.78,8.61,8.5,0.25,2.9412,1969586,16955913.02
2018-11-29,'300643,万通智控,,8.96,8.9,8.82,-0.32,-3.6281,2289979,20046401.71
2018-11-28,'300643,万通智控,,8.9,8.64,8.63,0.19,2.2016,2284006,19822549.06
2018-11-27,'300643,万通智控,,8.66,8.59,8.49,0.14,1.649,1803472,15507408.55
2018-11-26,'300643,万通智控,,8.73,8.54,8.51,-0.02,-0.235,1884420,16113685.4
2018-11-23,'300643,万通智控,,9.35,9.29,9.29,-0.78,-8.3961,3688013,32720798.23
2018-11-22,'300643,万通智控,,9.47,9.33,9.3,-0.01,-0.1075,1915981,17936743.59
2018-11-21,'300643,万通智控,,9.37,9.07,9.21,0.09,0.9772,2677781,24728382.39
2018-11-20,'300643,万通智控,,9.58,9.48,9.56,-0.35,-3.6611,3183066,29955351.12
2018-11-19,'300643,万通智控,,9.68,9.48,9.59,-0.03,-0.3128,3528193,33652468.66
2018-11-16,'300643,万通智控,,9.82,9.54,9.71,-0.12,-1.2358,6014986,58171645.9
2018-11-15,'300643,万通智控,,10.14,9.8,9.22,0.49,5.3145,11803886,116576419.34
2018-11-14,'300643,万通智控,,9.33,9.18,9.25,-0.03,-0.3243,3888993,35908238.74
2018-11-13,'300643,万通智控,,9.28,9.04,9.14,0.11,1.2035,4633900,42398623.28
2018-11-12,'300643,万通智控,,9.34,8.93,8.88,0.26,2.9279,3919986,35687032.46
2018-11-09,'300643,万通智控,,8.94,8.76,8.9,-0.02,-0.2247,1976700,17506052.0
2018-11-08,'300643,万通智控,,9.19,8.91,8.84,0.06,0.6787,3666500,33024889.14
2018-11-07,'300643,万通智控,,8.99,8.89,8.89,-0.05,-0.5624,2494900,22200091.0
2018-11-06,'300643,万通智控,,9.03,9.03,9.14,-0.25,-2.7352,3293393,29076382.33
2018-11-05,'300643,万通智控,,9.19,9.06,9.1,0.04,0.4396,3930200,35692850.21
2018-11-02,'300643,万通智控,,9.1,8.9,8.85,0.25,2.8249,4764862,42630583.94
2018-11-01,'300643,万通智控,,9.38,9.0,8.94,-0.09,-1.0067,6075900,55253922.0
2018-10-31,'300643,万通智控,,9.04,8.85,9.0,-0.06,-0.6667,6849395,60943646.5
2018-10-30,'300643,万通智控,,9.38,8.52,8.6,0.4,4.6512,8583593,77175379.4
2018-10-29,'300643,万通智控,,9.0,9.0,9.01,-0.41,-4.5505,7042062,61633114.51
2018-10-26,'300643,万通智控,,9.01,8.4,8.19,0.82,10.0122,6375800,56201474.0
2018-10-25,'300643,万通智控,,8.33,8.0,8.46,-0.27,-3.1915,2608700,21070206.0
2018-10-24,'300643,万通智控,,9.0,8.4,8.32,0.14,1.6827,3813293,32852916.97
2018-10-23,'300643,万通智控,,8.5,8.5,8.47,-0.15,-1.771,2123886,17772764.75
2018-10-22,'300643,万通智控,,8.59,8.2,8.17,0.3,3.672,3386162,28525630.04
2018-10-19,'300643,万通智控,,8.2,7.8,8.21,-0.04,-0.4872,2871793,22825701.44
2018-10-18,'300643,万通智控,,8.83,8.09,8.03,0.18,2.2416,3358741,27810727.69
2018-10-17,'300643,万通智控,,8.11,7.98,7.92,0.11,1.3889,2192255,17509614.72
2018-10-16,'300643,万通智控,,8.47,8.24,8.24,-0.32,-3.8835,1980293,16099265.89
2018-10-15,'300643,万通智控,,8.51,8.39,8.25,-0.01,-0.1212,1855700,15488761.9
2018-10-12,'300643,万通智控,,8.59,8.56,8.61,-0.36,-4.1812,3363273,27804973.84
2018-10-11,'300643,万通智控,,9.19,9.0,9.57,-0.96,-10.0313,4607173,40809320.79
2018-10-10,'300643,万通智控,,9.87,9.55,9.52,0.05,0.5252,6239979,60007855.51
2018-10-09,'300643,万通智控,,9.88,9.38,9.36,0.16,1.7094,5453029,51964366.71
2018-10-08,'300643,万通智控,,9.43,9.2,9.19,0.17,1.8498,3926893,35985492.63
2018-09-28,'300643,万通智控,,9.19,8.98,8.91,0.28,3.1425,1806546,16444397.87
2018-09-27,'300643,万通智控,,9.28,9.25,9.29,-0.38,-4.0904,1966620,17848962.4
2018-09-26,'300643,万通智控,,9.39,9.25,9.28,0.01,0.1078,2054913,19107199.07
2018-09-25,'300643,万通智控,,9.41,9.25,9.26,0.02,0.216,1890655,17557516.81
2018-09-21,'300643,万通智控,,9.39,9.08,9.1,0.16,1.7582,2495693,23061410.18
2018-09-20,'300643,万通智控,,9.24,9.14,9.18,-0.08,-0.8715,1416100,12923646.0
2018-09-19,'300643,万通智控,,9.44,8.92,8.92,0.26,2.9148,2364200,21727616.49
2018-09-18,'300643,万通智控,,8.98,8.76,8.74,0.18,2.0595,1346893,11949720.56
2018-09-17,'300643,万通智控,,9.1,9.06,9.11,-0.37,-4.0615,1832300,16172485.0
2018-09-14,'300643,万通智控,,9.47,9.34,9.27,-0.16,-1.726,2220720,20698495.0
2018-09-13,'300643,万通智控,,9.33,9.15,9.13,0.14,1.5334,1391500,12840719.0
2018-09-12,'300643,万通智控,,9.18,9.05,9.05,0.08,0.884,1119200,10184627.0
2018-09-11,'300643,万通智控,,9.15,9.01,9.0,0.05,0.5556,984386,8904009.65
2018-09-10,'300643,万通智控,,9.33,9.19,9.29,-0.29,-3.1216,1741800,15795550.0
2018-09-07,'300643,万通智控,,9.5,9.33,9.36,-0.07,-0.7479,2043700,19092095.0
2018-09-06,'300643,万通智控,,9.67,9.13,9.25,0.11,1.1892,1884200,17632784.0
2018-09-05,'300643,万通智控,,9.53,9.33,9.36,-0.11,-1.1752,1909500,17897628.0
2018-09-04,'300643,万通智控,,9.47,9.13,9.24,0.12,1.2987,1693400,15735143.0
2018-09-03,'300643,万通智控,,9.37,9.26,9.32,-0.08,-0.8584,1957520,17782779.8
2018-08-31,'300643,万通智控,,9.48,9.32,9.26,0.06,0.6479,1613300,15085135.0
2018-08-30,'300643,万通智控,,9.62,9.45,9.53,-0.27,-2.8332,1833748,17285074.6
2018-08-29,'300643,万通智控,,9.73,9.7,9.7,-0.17,-1.7526,1911700,18209553.0
2018-08-28,'300643,万通智控,,9.82,9.61,9.7,0.0,0.0,2288593,22077010.56
2018-08-27,'300643,万通智控,,9.77,9.5,9.4,0.3,3.1915,2846948,27313657.56
2018-08-24,'300643,万通智控,,9.53,9.3,9.35,0.05,0.5348,2294900,21602611.0
2018-08-23,'300643,万通智控,,9.49,9.18,9.18,0.17,1.8519,2725631,25431298.85
2018-08-22,'300643,万通智控,,9.6,9.6,9.61,-0.43,-4.4745,3240300,30192266.0
2018-08-21,'300643,万通智控,,9.68,9.55,9.49,0.12,1.2645,2869931,27497499.36
2018-08-20,'300643,万通智控,,9.5,9.3,9.43,0.06,0.6363,2321200,21735314.0
2018-08-17,'300643,万通智控,,9.95,9.82,9.81,-0.38,-3.8736,3359493,32076733.06
2018-08-16,'300643,万通智控,,9.95,9.69,9.9,-0.09,-0.9091,3764300,36787519.0
2018-08-15,'300643,万通智控,,10.35,10.35,10.44,-0.54,-5.1724,7292648,73368696.0
2018-08-14,'300643,万通智控,,10.44,9.45,9.49,0.95,10.0105,5059700,50917137.0
2018-08-13,'300643,万通智控,,9.49,9.29,9.45,0.04,0.4233,2729500,25479090.0
2018-08-10,'300643,万通智控,,9.53,9.42,9.33,0.12,1.2862,2259500,21188432.0
2018-08-09,'300643,万通智控,,9.46,8.95,9.01,0.32,3.5516,2972693,27663249.34
2018-08-08,'300643,万通智控,,9.42,9.35,9.39,-0.38,-4.0469,2367900,21793056.0
2018-08-07,'300643,万通智控,,9.44,9.18,9.16,0.23,2.5109,2683300,24926845.18
2018-08-06,'300643,万通智控,,9.48,9.46,9.39,-0.23,-2.4494,2267394,20880131.98
2018-08-03,'300643,万通智控,,9.66,9.42,9.52,-0.13,-1.3655,2696200,25564416.0
2018-08-02,'300643,万通智控,,10.2,10.04,10.24,-0.72,-7.0313,4335694,41556234.74
2018-08-01,'300643,万通智控,,10.78,10.68,10.6,-0.36,-3.3962,2676594,27963620.65
2018-07-31,'300643,万通智控,,10.92,10.8,10.82,-0.22,-2.0333,2954493,31463392.52
2018-07-30,'300643,万通智控,,11.18,10.81,10.8,0.02,0.1852,2884000,31569310.0
2018-07-27,'300643,万通智控,,11.33,11.33,11.28,-0.48,-4.2553,3152200,34791952.0
2018-07-26,'300643,万通智控,,11.34,11.2,11.24,0.04,0.3559,2807700,31519128.0
2018-07-25,'300643,万通智控,,11.57,11.52,11.39,-0.15,-1.3169,3063348,34711456.78
2018-07-24,'300643,万通智控,,11.45,11.3,11.24,0.15,1.3345,3488402,39601075.56
2018-07-23,'300643,万通智控,,11.3,11.1,11.22,0.02,0.1783,3009500,33517761.0
2018-07-20,'300643,万通智控,,11.29,11.08,11.13,0.09,0.8086,3329600,37206155.88
2018-07-19,'300643,万通智控,,11.74,11.72,11.74,-0.61,-5.1959,5693500,64299929.0
2018-07-18,'300643,万通智控,,12.08,12.0,12.03,-0.29,-2.4106,4044100,47869922.0
2018-07-17,'300643,万通智控,,12.12,11.88,11.91,0.12,1.0076,3844600,45989326.0
2018-07-16,'300643,万通智控,,12.17,12.0,12.07,-0.16,-1.3256,4411393,52353958.33
2018-07-13,'300643,万通智控,,12.41,12.32,12.65,-0.58,-4.585,8518100,103914124.0
2018-07-12,'300643,万通智控,,13.13,12.05,12.32,0.33,2.6786,12799193,158869522.15
2018-07-11,'300643,万通智控,,12.48,12.14,12.09,0.23,1.9024,13056268,159888115.24
2018-07-10,'300643,万通智控,,12.17,12.12,12.19,-0.1,-0.8203,9061348,108688900.36
2018-07-09,'300643,万通智控,,12.3,11.81,11.58,0.61,5.2677,11350047,136642018.13
2018-07-06,'300643,万通智控,,11.88,11.22,11.17,0.41,3.6705,9222699,107390416.59
2018-07-05,'300643,万通智控,,11.93,11.62,11.38,-0.21,-1.8453,6546000,75878289.0
2018-07-04,'300643,万通智控,,11.98,11.92,11.99,-0.61,-5.0876,7220242,83153161.95
2018-07-03,'300643,万通智控,,12.18,11.67,11.49,0.5,4.3516,9054441,107551723.03
2018-07-02,'300643,万通智控,,12.12,11.79,11.8,-0.31,-2.6271,7402100,86999371.0
2018-06-29,'300643,万通智控,,11.9,11.37,11.65,0.15,1.2876,10816441,124001989.67
2018-06-28,'300643,万通智控,,12.0,11.54,11.51,0.14,1.2163,9154801,107731990.65
2018-06-27,'300643,万通智控,,12.18,11.18,11.35,0.16,1.4097,11469947,134380676.02
2018-06-26,'300643,万通智控,,11.5,11.12,11.12,0.23,2.0683,8297484,94146588.03
2018-06-25,'300643,万通智控,,11.82,11.71,11.39,-0.27,-2.3705,10041253,113997733.97
2018-06-22,'300643,万通智控,,11.39,10.58,10.35,1.04,10.0483,6813700,74294000.0
2018-06-21,'300643,万通智控,,11.41,11.22,11.3,-0.95,-8.4071,7610900,81600477.0
2018-06-20,'300643,万通智控,,11.56,10.99,11.17,0.13,1.1638,6192853,69686223.07
2018-06-19,'300643,万通智控,,12.2,11.9,12.41,-1.24,-9.9919,5535520,64114162.4
2018-06-15,'300643,万通智控,,13.38,12.96,13.08,-0.67,-5.1223,6166720,78503902.27
2018-06-14,'300643,万通智控,,13.41,12.89,13.03,0.05,0.3837,5017220,66206264.4
2018-06-13,'300643,万通智控,,13.7,13.64,13.92,-0.89,-6.3937,7459300,100015450.0
2018-06-12,'300643,万通智控,,14.18,13.42,13.2,0.72,5.4545,10273173,141246504.58
2018-06-11,'300643,万通智控,,13.9,13.88,13.85,-0.65,-4.6931,5518153,74149200.32
2018-06-08,'300643,万通智控,,13.97,13.31,13.71,0.14,1.0212,6584143,90261347.12
2018-06-07,'300643,万通智控,,14.32,14.17,14.37,-0.66,-4.5929,8713320,121333098.0
2018-06-06,'300643,万通智控,,14.44,14.0,14.04,0.33,2.3504,13048832,185492207.82
2018-06-05,'300643,万通智控,,14.13,13.62,13.79,0.25,1.8129,10313920,143329900.8
2018-06-04,'300643,万通智控,,14.2,14.14,14.14,-0.35,-2.4752,11731800,159339036.0
2018-06-01,'300643,万通智控,,14.6,14.0,14.17,-0.03,-0.2117,13273243,187885694.14
2018-05-31,'300643,万通智控,,14.48,14.0,13.71,0.46,3.3552,12610412,178288117.35
2018-05-30,'300643,万通智控,,15.2,13.99,15.21,-1.5,-9.8619,17314053,244720507.81
2018-05-29,'300643,万通智控,,15.9,15.68,16.44,-1.23,-7.4818,20544483,315901841.5
2018-05-28,'300643,万通智控,,18.04,17.0,18.11,-1.67,-9.2214,30129702,509444388.77
2018-05-25,'300643,万通智控,,18.11,17.36,16.46,1.65,10.0243,30384110,538604937.87
2018-05-24,'300643,万通智控,,16.46,14.17,14.96,1.5,10.0267,23039613,337654836.76
2018-05-23,'300643,万通智控,,14.96,14.36,13.6,1.36,10.0,10554618,157062886.28
2018-05-22,'300643,万通智控,,14.18,13.6,13.39,0.21,1.5683,17330171,237954734.46
2018-05-21,'300643,万通智控,,13.39,12.18,12.17,1.22,10.0247,7087603,92287925.65
2018-05-18,'300643,万通智控,,12.67,12.62,12.55,-0.27,-2.1514,5120688,62462691.2
2018-05-17,'300643,万通智控,,12.74,12.21,12.28,0.27,2.1987,3658393,45804495.06
2018-05-16,'300643,万通智控,,12.6,12.22,12.6,-0.32,-2.5397,4302693,53267861.44
2018-05-15,'300643,万通智控,,12.98,12.75,12.42,0.18,1.4493,5910521,74906768.12
2018-05-14,'300643,万通智控,,12.68,11.95,12.11,0.31,2.5599,4192699,51651951.64
2018-05-11,'300643,万通智控,,12.75,12.6,12.54,-0.43,-3.429,6575000,80997375.02
2018-05-10,'300643,万通智控,,12.77,12.2,12.76,-0.22,-1.7241,7493650,93147157.7
2018-05-09,'300643,万通智控,,13.38,12.4,12.16,0.6,4.9342,13230770,169492189.85
2018-05-08,'300643,万通智控,,13.11,12.38,12.05,0.11,0.9129,10659266,132422923.01
2018-05-07,'300643,万通智控,,12.05,10.85,10.95,1.1,10.0457,4479331,52614868.92
2018-05-04,'300643,万通智控,,11.19,11.02,11.1,-0.15,-1.3514,1941364,21468041.4
2018-05-03,'300643,万通智控,,11.16,10.78,10.78,0.32,2.9685,1995031,21666764.62
2018-05-02,'300643,万通智控,,11.44,11.3,11.36,-0.58,-5.1056,2746419,29972966.6
2018-04-27,'300643,万通智控,,11.45,11.28,11.25,0.11,0.9778,1670893,18916890.48
2018-04-26,'300643,万通智控,,11.86,11.73,11.72,-0.47,-4.0102,2177062,25174458.76
2018-04-25,'300643,万通智控,,11.75,11.45,11.62,0.1,0.8606,2670157,30926624.66
2018-04-24,'300643,万通智控,,11.67,11.25,11.18,0.44,3.9356,2758700,31792091.0
2018-04-23,'300643,万通智控,,11.28,10.95,10.94,0.24,2.1938,2097165,23286284.52
2018-04-20,'300643,万通智控,,11.55,11.55,11.55,-0.61,-5.2814,3002100,33712014.16
2018-04-19,'300643,万通智控,,11.86,11.7,11.69,-0.14,-1.1976,3885376,45284426.55
2018-04-18,'300643,万通智控,,11.73,11.58,11.41,0.28,2.454,5231254,59969544.99
2018-04-17,'300643,万通智控,,12.5,12.39,12.27,-0.86,-7.009,6247433,74408268.2
2018-04-16,'300643,万通智控,,12.8,12.69,13.12,-0.85,-6.4787,9019783,112305329.17
2018-04-13,'300643,万通智控,,14.49,14.49,14.53,-1.41,-9.7041,16264797,224888851.87
2018-04-12,'300643,万通智控,,14.53,14.51,13.21,1.32,9.9924,8523302,123680635.39
2018-04-11,'300643,万通智控,,13.21,12.17,12.01,1.2,9.9917,4682872,61145078.47
2018-04-10,'300643,万通智控,,12.45,12.3,12.56,-0.55,-4.379,3914270,47388921.29
2018-04-09,'300643,万通智控,,12.58,12.01,12.09,0.47,3.8875,3983870,48971461.87
2018-04-04,'300643,万通智控,,12.48,12.34,12.26,-0.17,-1.3866,2099519,25632454.45
2018-04-03,'300643,万通智控,,12.33,12.1,12.33,-0.07,-0.5677,2859700,34594443.14
2018-04-02,'300643,万通智控,,12.92,12.1,12.17,0.16,1.3147,4689865,57741632.12
2018-03-30,'300643,万通智控,,12.2,11.59,11.49,0.68,5.9182,3225751,38277045.36
2018-03-29,'300643,万通智控,,11.65,11.32,11.32,0.17,1.5018,1818593,20910578.5
2018-03-28,'300643,万通智控,,11.45,11.11,11.17,0.15,1.3429,1940893,21956968.69
2018-03-27,'300643,万通智控,,11.38,11.22,10.94,0.23,2.1024,1816300,20436979.14
2018-03-26,'300643,万通智控,,10.98,10.52,10.91,0.03,0.275,1716327,18327433.3
2018-03-23,'300643,万通智控,,11.8,11.8,12.12,-1.21,-9.9835,2958719,33393201.84
2018-03-22,'300643,万通智控,,12.34,11.96,11.92,0.2,1.6779,1954539,23751402.81
2018-03-21,'300643,万通智控,,12.33,12.18,12.08,-0.16,-1.3245,2201800,26806670.08
2018-03-20,'300643,万通智控,,12.14,12.0,12.24,-0.16,-1.3072,1896739,22746718.02
2018-03-19,'300643,万通智控,,12.34,12.1,12.17,0.07,0.5752,1876410,22983869.28
2018-03-16,'300643,万通智控,,12.27,12.18,12.25,-0.08,-0.6531,2117210,25685361.7
2018-03-15,'300643,万通智控,,12.69,12.69,13.02,-0.77,-5.914,5245566,64057754.2
2018-03-14,'300643,万通智控,,13.33,12.31,12.3,0.72,5.8537,9409887,120988222.96
2018-03-13,'300643,万通智控,,12.58,12.42,12.65,-0.35,-2.7668,4429593,54773357.78
2018-03-12,'300643,万通智控,,12.98,11.9,11.8,0.85,7.2034,8073007,102225161.57
2018-03-09,'300643,万通智控,,12.23,11.43,11.41,0.39,3.4181,4024662,47191137.52
2018-03-08,'300643,万通智控,,11.6,11.16,11.07,0.34,3.0714,2802020,31944043.4
2018-03-07,'300643,万通智控,,11.26,11.18,11.21,-0.14,-1.2489,1331700,14804988.0
2018-03-06,'300643,万通智控,,11.3,11.16,11.28,-0.07,-0.6206,1890518,21174717.16
2018-03-05,'300643,万通智控,,11.5,10.84,10.97,0.31,2.8259,2570218,28758588.08
2018-03-02,'300643,万通智控,,11.45,10.89,10.92,0.05,0.4579,2188538,24333733.54
2018-03-01,'300643,万通智控,,10.95,10.6,10.68,0.24,2.2472,1488238,16072358.46
2018-02-28,'300643,万通智控,,10.81,10.81,10.78,-0.1,-0.9276,1228593,13123321.1
2018-02-27,'300643,万通智控,,10.81,10.7,10.71,0.07,0.6536,1504919,16135985.73
2018-02-26,'300643,万通智控,,10.75,10.43,10.39,0.32,3.0799,1755419,18651886.57
2018-02-23,'300643,万通智控,,10.49,10.36,10.36,0.03,0.2896,919900,9540125.0
2018-02-22,'300643,万通智控,,10.45,10.3,10.21,0.15,1.4691,657200,6825895.0
2018-02-14,'300643,万通智控,,10.37,10.37,10.29,-0.08,-0.7775,487500,4977749.0
2018-02-13,'300643,万通智控,,10.47,10.34,10.34,-0.05,-0.4836,921900,9550976.1
2018-02-12,'300643,万通智控,,10.7,10.05,9.91,0.43,4.3391,1129200,11706161.85
2018-02-09,'300643,万通智控,,10.2,10.18,10.31,-0.4,-3.8797,1058326,10628166.08
2018-02-08,'300643,万通智控,,10.4,10.08,10.08,0.23,2.2817,912626,9400182.98
2018-02-07,'300643,万通智控,,10.45,10.3,9.93,0.15,1.5106,1181000,11991952.14
2018-02-06,'300643,万通智控,,10.84,10.6,10.88,-0.95,-8.7316,1258726,13128051.18
2018-02-05,'300643,万通智控,,11.08,11.0,11.12,-0.24,-2.1583,671126,7362340.81
2018-02-02,'300643,万通智控,,11.55,11.55,11.52,-0.4,-3.4722,1544886,17282957.6
2018-02-01,'300643,万通智控,,12.32,12.3,12.25,-0.73,-5.9592,1566700,18572101.35
2018-01-31,'300643,万通智控,,12.83,12.74,12.79,-0.54,-4.222,1763199,21863164.43
2018-01-30,'300643,万通智控,,12.85,12.7,12.76,0.03,0.2351,958400,12242165.0
2018-01-29,'300643,万通智控,,13.19,13.09,13.05,-0.29,-2.2222,1631693,20930957.16
2018-01-26,'300643,万通智控,,13.4,13.1,13.19,-0.14,-1.0614,1557093,20532699.21
2018-01-25,'300643,万通智控,,13.59,13.46,13.45,-0.26,-1.9331,2300601,30742929.03
2018-01-24,'300643,万通智控,,13.52,13.3,13.31,0.14,1.0518,2188593,29265311.19
2018-01-23,'300643,万通智控,,13.48,13.01,13.01,0.3,2.3059,2637800,35043545.73
2018-01-22,'300643,万通智控,,13.24,13.12,13.12,-0.11,-0.8384,1423196,18431985.17
2018-01-19,'300643,万通智控,,13.38,13.35,13.35,-0.23,-1.7228,1924020,25397140.43
2018-01-18,'300643,万通智控,,13.4,13.2,13.24,0.11,0.8308,2676493,35443936.18
2018-01-17,'300643,万通智控,,13.26,12.88,12.81,0.43,3.3568,3024186,39421365.92
2018-01-16,'300643,万通智控,,12.96,12.42,12.47,0.34,2.7265,1417220,18129470.09
2018-01-15,'300643,万通智控,,12.96,12.96,12.94,-0.47,-3.6321,1421930,18068801.93
2018-01-12,'300643,万通智控,,13.07,13.07,13.0,-0.06,-0.4615,1426186,18470289.91
2018-01-11,'300643,万通智控,,13.07,12.65,12.7,0.3,2.3622,1730427,22233440.58
2018-01-10,'300643,万通智控,,13.31,13.25,13.12,-0.42,-3.2012,1920179,24776863.73
2018-01-09,'300643,万通智控,,13.21,13.13,13.22,-0.1,-0.7564,1323624,17360709.68
2018-01-08,'300643,万通智控,,13.42,13.08,13.05,0.17,1.3027,1674124,22100610.32
2018-01-05,'300643,万通智控,,13.24,13.24,13.16,-0.11,-0.8359,1341200,17597285.0
2018-01-04,'300643,万通智控,,13.42,13.36,13.43,-0.27,-2.0104,1728893,22890276.02
2018-01-03,'300643,万通智控,,13.47,13.35,13.4,0.03,0.2239,1694500,22708761.0
2018-01-02,'300643,万通智控,,13.45,13.39,13.29,0.11,0.8277,1182317,15766903.7
2017-12-29,'300643,万通智控,,13.45,13.33,13.27,0.02,0.1507,1419624,18886983.12
2017-12-28,'300643,万通智控,,13.57,13.22,13.22,0.05,0.3782,2502517,33443172.12
2017-12-27,'300643,万通智控,,13.64,13.55,13.65,-0.43,-3.1502,3320800,44524618.0
2017-12-26,'300643,万通智控,,13.88,13.4,13.6,0.05,0.3676,5421958,73639867.58
2017-12-25,'300643,万通智控,,13.65,13.12,13.28,0.32,2.4096,5645900,73998311.3
2017-12-22,'300643,万通智控,,13.69,13.13,13.09,0.19,1.4515,5641596,75251793.97
2017-12-21,'300643,万通智控,,13.15,12.35,12.29,0.8,6.5094,3893323,49964392.28
2017-12-20,'300643,万通智控,,12.67,12.6,12.67,-0.38,-2.9992,1046357,12986063.36
2017-12-19,'300643,万通智控,,12.78,12.42,12.47,0.2,1.6038,1395567,17579262.9
2017-12-18,'300643,万通智控,,12.8,12.79,12.76,-0.29,-2.2727,1490102,18678185.74
2017-12-15,'300643,万通智控,,13.19,12.43,12.53,0.23,1.8356,2509257,32343078.06
2017-12-14,'300643,万通智控,,12.61,12.48,12.49,0.04,0.3203,1131426,14109602.0
2017-12-13,'300643,万通智控,,12.49,12.21,12.14,0.35,2.883,1633818,20221329.06
2017-12-12,'300643,万通智控,,12.51,12.49,12.49,-0.35,-2.8022,1660418,20395036.4
2017-12-11,'300643,万通智控,,12.55,12.37,12.37,0.12,0.9701,1094344,13657579.42
2017-12-08,'300643,万通智控,,12.45,12.14,12.07,0.3,2.4855,1848939,22777421.07
2017-12-07,'300643,万通智控,,12.23,12.19,12.2,-0.13,-1.0656,1268400,15372548.0
2017-12-06,'300643,万通智控,,12.22,11.93,11.96,0.24,2.0067,1804600,21620123.0
2017-12-05,'300643,万通智控,,12.7,12.6,12.58,-0.62,-4.9285,2219695,26970202.07
2017-12-04,'300643,万通智控,,13.04,13.04,13.11,-0.53,-4.0427,1740500,22138262.14
2017-12-01,'300643,万通智控,,13.17,12.88,12.88,0.23,1.7857,1752393,22825930.3
2017-11-30,'300643,万通智控,,13.04,12.85,12.81,0.07,0.5464,1610793,20808067.4
2017-11-29,'300643,万通智控,,12.93,12.93,12.94,-0.13,-1.0046,1809039,22975110.54
2017-11-28,'300643,万通智控,,12.97,12.71,12.67,0.27,2.131,1887235,24155330.8
2017-11-27,'300643,万通智控,,12.99,12.91,12.83,-0.16,-1.2471,1391007,17814494.95
2017-11-24,'300643,万通智控,,13.18,13.1,13.06,-0.23,-1.7611,1800900,23484165.0
2017-11-23,'300643,万通智控,,13.74,13.6,13.66,-0.6,-4.3924,1931600,25925922.0
2017-11-22,'300643,万通智控,,13.88,13.69,13.68,-0.02,-0.1462,1679931,22972597.22
2017-11-21,'300643,万通智控,,13.94,13.74,13.73,-0.05,-0.3642,1943202,26593878.3
2017-11-20,'300643,万通智控,,13.76,13.4,13.45,0.28,2.0818,1660534,22458277.54
2017-11-17,'300643,万通智控,,14.61,14.61,14.69,-1.24,-8.4411,4041507,56207264.02
2017-11-16,'300643,万通智控,,15.08,14.9,14.97,-0.28,-1.8704,1682431,25022486.03
2017-11-15,'300643,万通智控,,15.21,15.04,15.03,-0.06,-0.3992,1945076,29160381.18
2017-11-14,'300643,万通智控,,15.54,15.46,15.48,-0.45,-2.907,2960440,44870293.15
2017-11-13,'300643,万通智控,,15.67,15.6,15.69,-0.21,-1.3384,2298830,35542876.2
2017-11-10,'300643,万通智控,,15.8,15.57,15.61,0.08,0.5125,2729590,42647220.9
2017-11-09,'300643,万通智控,,15.65,15.3,15.48,0.13,0.8398,2933663,45518590.83
2017-11-08,'300643,万通智控,,15.64,15.1,15.2,0.28,1.8421,3998278,61702950.73
2017-11-07,'300643,万通智控,,15.25,15.18,15.21,-0.01,-0.0657,2628203,39590592.75
2017-11-06,'300643,万通智控,,15.27,14.94,14.8,0.41,2.7703,2304591,34732060.17
2017-11-03,'300643,万通智控,,15.16,15.16,15.13,-0.33,-2.1811,2328936,34664576.26
2017-11-02,'300643,万通智控,,15.37,15.06,15.08,0.05,0.3316,2220756,33519932.44
2017-11-01,'300643,万通智控,,15.24,15.01,15.1,-0.02,-0.1325,2054629,31054042.08
2017-10-31,'300643,万通智控,,15.1,14.86,14.77,0.33,2.2343,2231646,33306104.6
2017-10-30,'300643,万通智控,,15.93,15.75,16.0,-1.23,-7.6875,4291828,64848746.39
2017-10-27,'300643,万通智控,,16.45,16.32,16.4,-0.4,-2.439,3359377,54277379.14
2017-10-26,'300643,万通智控,,16.57,16.32,16.45,-0.05,-0.304,3727627,61186426.02
2017-10-25,'300643,万通智控,,16.51,16.01,16.07,0.38,2.3647,5082564,82923221.03
2017-10-24,'300643,万通智控,,16.22,16.2,16.29,-0.22,-1.3505,3711821,59048497.26
2017-10-23,'300643,万通智控,,16.35,15.91,15.88,0.41,2.5819,3835047,61571653.1
2017-10-20,'300643,万通智控,,15.96,15.82,15.67,0.21,1.3401,3227328,50934577.76
2017-10-19,'300643,万通智控,,16.47,16.35,16.22,-0.55,-3.3909,6031409,96327460.21
2017-10-18,'300643,万通智控,,17.65,17.07,17.23,-1.01,-5.8619,6873985,116563608.76
2017-10-17,'300643,万通智控,,17.44,17.09,17.31,-0.08,-0.4622,6777592,114633162.94
2017-10-16,'300643,万通智控,,18.5,18.5,18.54,-1.23,-6.6343,8270510,147694812.85
2017-10-13,'300643,万通智控,,18.58,18.2,18.76,-0.22,-1.1727,9655908,174987959.33
2017-10-12,'300643,万通智控,,19.23,18.13,18.31,0.45,2.4577,12197635,228054833.27
2017-10-11,'300643,万通智控,,18.4,18.2,18.53,-0.22,-1.1873,9189571,166071239.34
2017-10-10,'300643,万通智控,,18.8,17.3,17.44,1.09,6.25,14205269,257436871.52
2017-10-09,'300643,万通智控,,17.5,17.29,16.9,0.54,3.1953,6926934,119737048.38
2017-09-29,'300643,万通智控,,17.0,16.8,16.86,0.04,0.2372,5224926,87363499.35
2017-09-28,'300643,万通智控,,17.47,16.88,16.88,-0.02,-0.1185,5183377,88659695.44
2017-09-27,'300643,万通智控,,17.18,16.53,16.68,0.2,1.199,5333713,89707752.5
2017-09-26,'300643,万通智控,,17.7,17.55,17.65,-0.97,-5.4958,8581918,144571380.23
2017-09-25,'300643,万通智控,,18.25,16.88,17.08,0.57,3.3372,11702588,206241520.41
2017-09-22,'300643,万通智控,,17.5,17.0,17.02,0.06,0.3525,8240155,140165077.33
2017-09-21,'300643,万通智控,,17.84,17.68,17.85,-0.83,-4.6499,8129982,142012784.58
2017-09-20,'300643,万通智控,,18.17,16.97,17.21,0.64,3.7188,11286452,199874145.9
2017-09-19,'300643,万通智控,,17.47,17.05,17.27,-0.06,-0.3474,7001066,119871844.13
2017-09-18,'300643,万通智控,,17.4,17.4,17.44,-0.17,-0.9748,9570104,161282050.04
2017-09-15,'300643,万通智控,,18.23,16.9,16.61,0.83,4.997,17308185,304173796.45
2017-09-14,'300643,万通智控,,16.94,16.57,16.54,0.07,0.4232,5847291,97820237.66
2017-09-13,'300643,万通智控,,16.7,16.38,16.55,-0.01,-0.0604,3368511,55671314.05
2017-09-12,'300643,万通智控,,16.89,16.89,16.89,-0.34,-2.013,7025086,116415014.88
2017-09-11,'300643,万通智控,,16.89,16.49,16.31,0.58,3.5561,6488287,108258160.63
2017-09-08,'300643,万通智控,,16.78,16.7,17.03,-0.72,-4.2278,8456827,139225819.15
2017-09-07,'300643,万通智控,,17.55,16.7,16.75,0.28,1.6716,11947013,203612084.73
2017-09-06,'300643,万通智控,,16.98,16.79,17.13,-0.38,-2.2183,9428918,155978287.32
2017-09-05,'300643,万通智控,,17.57,16.98,16.89,0.24,1.421,9856465,170148218.82
2017-09-04,'300643,万通智控,,17.7,17.7,18.08,-1.19,-6.5819,13118301,225979214.26
2017-09-01,'300643,万通智控,,19.19,17.5,17.49,0.59,3.3734,22062999,394305692.58
2017-08-31,'300643,万通智控,,17.49,15.9,15.9,1.59,10.0,13611884,229244835.18
2017-08-30,'300643,万通智控,,16.47,15.8,16.19,-0.29,-1.7912,9327086,149841135.57
2017-08-29,'300643,万通智控,,17.18,16.02,16.37,-0.18,-1.0996,17441126,285237888.68
2017-08-28,'300643,万通智控,,16.71,16.12,15.72,0.65,4.1349,20510025,328997782.41
2017-08-25,'300643,万通智控,,15.72,14.01,14.29,1.43,10.007,15286241,233287703.62
2017-08-24,'300643,万通智控,,14.95,14.29,14.25,0.04,0.2807,9139880,132772509.26
2017-08-23,'300643,万通智控,,14.51,14.16,14.18,0.07,0.4937,5153257,73221022.83
2017-08-22,'300643,万通智控,,14.32,14.23,14.24,-0.06,-0.4213,4068168,57735525.12
2017-08-21,'300643,万通智控,,14.3,13.86,13.82,0.42,3.0391,4187247,59052953.43
2017-08-18,'300643,万通智控,,14.07,13.92,14.13,-0.31,-2.1939,2828397,39388429.83
2017-08-17,'300643,万通智控,,14.39,14.14,14.22,-0.09,-0.6329,5355825,75549096.92
2017-08-16,'300643,万通智控,,14.57,13.7,13.7,0.52,3.7956,6928781,97909954.72
2017-08-15,'300643,万通智控,,13.77,13.52,13.41,0.29,2.1626,3384819,46131487.53
2017-08-14,'300643,万通智控,,13.45,13.18,13.15,0.26,1.9772,2119714,28284270.34
2017-08-11,'300643,万通智控,,13.35,13.3,13.37,-0.22,-1.6455,2347856,31035750.13
2017-08-10,'300643,万通智控,,13.85,13.74,13.71,-0.34,-2.4799,2566347,34772927.75
2017-08-09,'300643,万通智控,,13.88,13.82,13.88,-0.17,-1.2248,2182313,30036558.64
2017-08-08,'300643,万通智控,,13.94,13.9,13.92,-0.04,-0.2874,2218749,30637115.4
2017-08-07,'300643,万通智控,,14.06,13.81,13.81,0.11,0.7965,2284563,31830389.8
2017-08-04,'300643,万通智控,,14.14,14.09,14.1,-0.29,-2.0567,3072801,42733191.14
2017-08-03,'300643,万通智控,,14.39,14.1,14.11,-0.01,-0.0709,3900349,55025384.91
2017-08-02,'300643,万通智控,,14.52,14.26,14.24,-0.13,-0.9129,3457591,49427760.17
2017-08-01,'300643,万通智控,,14.28,14.18,14.17,0.07,0.494,2870398,40692627.57
2017-07-31,'300643,万通智控,,14.37,14.34,14.34,-0.17,-1.1855,3117612,44279542.48
2017-07-28,'300643,万通智控,,14.7,14.65,14.75,-0.41,-2.7797,5122300,73934844.29
2017-07-27,'300643,万通智控,,14.75,14.03,14.02,0.73,5.2068,6832926,98793005.02
2017-07-26,'300643,万通智控,,14.39,14.34,14.35,-0.33,-2.2997,2900054,40890148.54
2017-07-25,'300643,万通智控,,14.42,14.3,14.33,0.02,0.1396,2884385,41203123.24
2017-07-24,'300643,万通智控,,14.46,13.75,13.96,0.37,2.6504,4180526,58866248.25
2017-07-21,'300643,万通智控,,14.31,14.17,14.18,-0.22,-1.5515,3846417,54013276.42
2017-07-20,'300643,万通智控,,14.84,14.43,14.47,-0.29,-2.0041,5929963,85830843.6
2017-07-19,'300643,万通智控,,14.57,14.39,14.3,0.17,1.1888,3369643,48440911.76
2017-07-18,'300643,万通智控,,14.59,14.01,14.25,0.05,0.3509,4612376,65650922.07
2017-07-17,'300643,万通智控,,15.55,15.5,15.83,-1.58,-9.981,7386950,107786406.33
2017-07-14,'300643,万通智控,,16.12,15.79,15.78,0.05,0.3169,4424652,70417233.3
2017-07-13,'300643,万通智控,,16.48,16.38,16.37,-0.59,-3.6042,6062075,96773667.03
2017-07-12,'300643,万通智控,,16.4,16.16,16.0,0.37,2.3125,7331329,117336226.54
2017-07-11,'300643,万通智控,,16.88,16.68,16.74,-0.74,-4.4205,7146986,117479425.44
2017-07-10,'300643,万通智控,,17.9,17.89,18.08,-1.34,-7.4115,11422298,195033043.76
2017-07-07,'300643,万通智控,,18.49,18.3,18.5,-0.42,-2.2703,11038500,201223169.65
2017-07-06,'300643,万通智控,,18.51,17.4,17.74,0.76,4.2841,18080856,325302470.99
2017-07-05,'300643,万通智控,,17.85,16.83,16.93,0.81,4.7844,16437912,287409924.06
2017-07-04,'300643,万通智控,,17.49,16.98,17.11,-0.18,-1.052,12649222,215964073.69
2017-07-03,'300643,万通智控,,17.29,16.16,16.37,0.74,4.5205,17707789,295170805.16
2017-06-30,'300643,万通智控,,17.15,15.52,15.59,0.78,5.0032,17399562,289958488.47
2017-06-29,'300643,万通智控,,15.69,15.4,15.4,0.19,1.2338,3015921,46899914.41
2017-06-28,'300643,万通智控,,15.69,15.67,15.7,-0.3,-1.9108,3550222,54987520.23
2017-06-27,'300643,万通智控,,16.03,15.95,15.78,-0.08,-0.507,4318424,68429176.97
2017-06-26,'300643,万通智控,,15.91,15.68,15.71,0.07,0.4456,4940348,77300043.15
2017-06-23,'300643,万通智控,,16.06,15.99,16.25,-0.54,-3.3231,9054557,142111169.95
2017-06-22,'300643,万通智控,,17.22,16.45,16.49,-0.24,-1.4554,9774804,163936782.65
2017-06-21,'300643,万通智控,,16.67,16.42,16.48,0.01,0.0607,5754094,94705455.66
2017-06-20,'300643,万通智控,,16.98,16.48,16.44,0.04,0.2433,7903979,131701714.72
2017-06-19,'300643,万通智控,,16.66,16.65,16.59,-0.15,-0.9042,4871798,79952982.5
2017-06-16,'300643,万通智控,,16.77,16.6,16.68,-0.09,-0.5396,6378630,105451649.65
2017-06-15,'300643,万通智控,,17.09,16.11,16.19,0.49,3.0266,12027765,200239533.01
2017-06-14,'300643,万通智控,,16.27,16.03,16.17,0.02,0.1237,6956383,111377294.02
2017-06-13,'300643,万通智控,,16.43,15.84,15.85,0.32,2.0189,7919175,127938730.8
2017-06-12,'300643,万通智控,,16.9,16.9,17.34,-1.49,-8.5928,12476587,203469102.77
2017-06-09,'300643,万通智控,,17.49,17.3,17.29,0.05,0.2892,7091504,122655458.56
2017-06-08,'300643,万通智控,,17.88,17.88,17.9,-0.61,-3.4078,11858618,206875082.85
2017-06-07,'300643,万通智控,,18.31,17.2,17.19,0.71,4.1303,16589546,296322110.21
2017-06-06,'300643,万通智控,,17.45,16.82,17.72,-0.53,-2.991,12259572,208422007.99
2017-06-05,'300643,万通智控,,18.98,18.2,17.61,0.11,0.6246,15866586,290170790.5
2017-06-02,'300643,万通智控,,18.16,17.2,18.01,-0.4,-2.221,16281671,284362113.43
2017-06-01,'300643,万通智控,,19.87,19.37,20.01,-2.0,-9.995,22566522,427146574.12
2017-05-31,'300643,万通智控,,23.31,23.31,21.19,-1.18,-5.5687,34121705,755139276.95
2017-05-26,'300643,万通智控,,21.19,19.6,19.26,1.93,10.0208,26718093,542422071.88
2017-05-25,'300643,万通智控,,20.59,20.3,21.4,-2.14,-10.0,25123514,493443615.61
2017-05-24,'300643,万通智控,,21.4,19.8,19.45,1.95,10.0257,35656848,721004970.57
2017-05-23,'300643,万通智控,,19.45,19.1,17.68,1.77,10.0113,12584580,243815307.4
2017-05-22,'300643,万通智控,,17.68,17.68,16.07,1.61,10.0187,557510,9856776.8
2017-05-19,'300643,万通智控,,16.07,16.07,14.61,1.46,9.9932,145796,2342941.72
2017-05-18,'300643,万通智控,,14.61,14.61,13.28,1.33,10.0151,67619,987913.59
2017-05-17,'300643,万通智控,,13.28,13.28,12.07,1.21,10.0249,33173,440537.44
2017-05-16,'300643,万通智控,,12.07,12.07,10.97,1.1,10.0273,25293,305286.51
2017-05-15,'300643,万通智控,,10.97,10.97,9.97,1.0,10.0301,12386,135874.42
2017-05-12,'300643,万通智控,,9.97,9.97,9.06,0.91,10.0442,17036,169848.92
2017-05-11,'300643,万通智控,,9.06,9.06,8.24,0.82,9.9515,17493,158486.58
2017-05-10,'300643,万通智控,,8.24,8.24,7.49,0.75,10.0134,8600,70864.0
2017-05-09,'300643,万通智控,,7.49,7.49,6.81,0.68,9.9853,3401,25473.49
2017-05-08,'300643,万通智控,,6.81,6.81,6.19,0.62,10.0162,4600,31326.0
2017-05-05,'300643,N万通,,6.19,5.16,4.3,1.89,43.9535,8817,53704.23
